account_id,account_type,is_mule,in_degree,out_degree,total_in,total_out,velocity_score,imbalance_score
6b88f83d-d97d-c9cd-033d-2bce575aed2c,normal,False,7,1,1524.05,37.12,1.0,0.9518
1f15c7b6-7c16-128d-b2c0-8394e17f29e1,normal,False,6,4,2039.43,587.86,1.0,0.5523
54669d19-10df-9974-55ab-946da5b5cdc2,mule,True,9,0,8980.75,0.0,1.0,0.9999
74f93d17-e912-b4bf-86a4-bae41986b4b2,normal,False,3,3,1004.14,1394.29,1.0,0.1626
a3d70628-ece6-6fa2-fd51-66e6451b4cf3,normal,False,6,3,1636.08,932.25,1.0,0.2739
ab05347f-d556-b37d-8f08-81ee8011316b,business,False,3,21,3448.54,15397.46,1.0,0.634
81e0d489-5a18-e2a3-0e61-4bcd97674900,mule,True,8,0,15771.83,0.0,1.0,0.9999
0d01280f-d89a-40c0-e87d-1c78e7c421c7,normal,False,9,0,1445.71,0.0,1.0,0.9993
989d9d4a-e15c-a666-4797-b2c957207246,normal,False,3,5,146.02,868.43,1.0,0.7114
9458054e-c287-4f06-9050-f7efc1235c91,business,False,7,26,1348.92,11837.44,1.0,0.7953
5bd20c98-a513-5ea0-fa53-e34de6d5901d,normal,False,8,3,1433.82,154.36,1.0,0.8051
88575117-6155-4667-2112-507c2cfa55b0,business,False,9,23,2429.37,16513.24,1.0,0.7435
bd1531c8-3764-fbda-3108-d4482f65fafa,normal,False,6,2,1057.93,287.35,1.0,0.5724
06cb0fb3-9a1d-e644-815e-f6d13b8faa18,normal,False,3,1,2321.86,215.62,1.0,0.8297
cfd01cbd-5f65-c8ce-bd21-bc11be9d61ee,normal,False,4,3,171.47,1350.33,1.0,0.7741
5275eb94-14ae-af5c-e636-58c912d0498d,normal,False,5,7,2509.88,878.91,2.0,0.4811
a3b5cece-a446-be72-364c-911aa9ab364a,normal,False,11,2,7936.15,17.78,1.0,0.9954
31274148-7c7c-404e-c422-d03ef29a6339,mule,True,6,0,26160.9,0.0,1.0,1.0
ae9bec36-35c7-936c-5b99-62c6e61fecc0,normal,False,2,1,515.71,319.75,1.0,0.2343
4d3485c5-c5c1-4eb4-b27b-3d901a16342c,normal,False,5,3,2930.71,500.48,0.8889,0.7081
a85c6e4a-004b-6fab-fcf5-6188d32e6dcd,normal,False,6,3,1845.99,737.28,1.0,0.429
17e8392a-55ce-e5db-9e87-e04ca2086977,normal,False,9,3,4029.3,331.16,1.0,0.8479
295b4715-c333-e861-5fb8-d16c2720797d,normal,False,4,1,658.9,66.72,1.0,0.815
d9f195d0-1482-2f53-8201-0c62f5f59b22,normal,False,4,3,1360.47,208.74,1.0,0.7335
c268283e-e32f-2e63-b7fd-dd71a075e927,normal,False,4,5,1966.84,602.84,1.0,0.5306
bdc14f1f-295d-6fbf-430f-801dfad409e2,normal,False,6,2,1841.01,57303.48,1.0,0.9377
4d29d1ab-3455-12f7-01f7-c7ec0e0630cd,business,False,5,24,1526.63,21657.41,1.0,0.8683
f4e559e5-9622-9348-0f5a-e9d38e6e5003,normal,False,2,6,810.94,1024.75,1.0,0.1164
8eb22579-0cdb-1ca4-76ec-bdd68498e113,normal,False,9,3,2732.58,228.58,1.0,0.8453
117b355b-7094-4bdb-26a5-24e350ee7a92,mule,True,9,0,22680.32,0.0,1.0,1.0
badcc32a-c159-0f53-8a0f-4efbedcd465e,normal,False,8,4,3804.02,1259.13,1.0,0.5025
e0c53cb8-3da9-c2a9-0ed4-2f1a3d4cbf37,normal,False,3,2,3532.25,234.67,1.0,0.8752
956b8c0c-a849-9b92-6b52-52e314fcdd54,normal,False,2,6,312.4,1275.94,1.0,0.6063
30a900ad-939b-462d-e645-f129629c2ae3,normal,False,4,2,513.66,119.12,1.0,0.6225
ce177b4e-0837-b8a3-d261-a7ab3aa2e4f9,normal,False,4,0,832.79,0.0,1.0,0.9988
a23d4c2f-c2a7-9689-1933-918cfa745761,normal,False,3,12,1103.85,911.52,2.1429,0.0954
1a3d1fa7-bc89-60a9-23b8-c1e9392456de,normal,False,5,8,2468.41,1346.31,1.1818,0.2941
5230dfbd-5553-b2fe-6889-803e5913f9d3,normal,False,7,2,1508.3,127.59,1.0,0.8435
e623a689-5d59-cd2a-4eea-04e70ab54bde,normal,False,2,1,244.12,56.72,1.0,0.6209
78660765-14f7-ce8d-d5bc-b8d04094dded,normal,False,6,3,1215.71,715.8,1.0,0.2587
c7b5b2bc-5a8a-aeca-1a50-aec3aabc25fa,normal,False,5,2,1843.36,467.2,1.0,0.5953
7250ee18-260a-5962-dd81-b7f57d5911c6,normal,False,3,2,340.06,349.21,1.0,0.0133
138d994c-2b0a-bedd-c774-44cb5543fc3c,business,False,1,20,52.26,12447.2,1.0,0.9916
fc3e058b-e0f3-eab0-5cec-4eb5edd96831,normal,False,4,4,3454.38,1401.64,1.0,0.4226
ec1b8ca1-f91e-1d4c-1ff4-9b7889463e85,normal,False,9,1,3191.66,175.53,1.0,0.8955
c8dcd19f-3e35-1128-7900-f7f993829b43,normal,False,17,9,4264.04,1105.0,1.3,0.5883
877409a9-77d2-1e02-ff01-cf99988c24c9,normal,False,2,4,58.46,826.67,1.0,0.8669
3f87e362-cf8d-446a-bc2c-bb0ddd334cc7,normal,False,3,12,627.83,4636.71,2.1429,0.7613
b00805cc-a7f3-6ae9-25c7-3c443e75c3b4,normal,False,7,1,4658.57,27.51,1.0,0.988
97fa7f04-8363-9007-5cae-9610c72c1fe3,normal,False,6,7,3536.36,2355.7,1.0,0.2003
ff9ab5c2-9f04-4aed-7552-332702627f73,normal,False,4,4,656.84,421.96,1.6,0.2175
fff9f585-0d55-7b61-8a17-5dfebfc00dc8,normal,False,7,2,3948.23,182.18,1.0,0.9116
ad261ec5-5d42-b9e9-692e-07b60b2f6d5c,mule,True,7,6,43427.84,34245.57,1.625,0.1182
79c2d2e4-9ae1-a991-524f-93ff30307633,mule,True,6,0,17630.93,0.0,1.0,0.9999
8f9797b0-6d7c-e3c9-b4a6-9f3c8d3aed99,normal,False,8,3,2561.45,376.75,1.0,0.7433
6a34c854-1071-4d51-36c5-9dacb4d7e28e,normal,False,5,3,1509.79,63245.78,1.0,0.9534
0a2c827e-9832-6856-9434-0a033f07f814,normal,False,8,1,2432.63,159.81,1.0,0.8764
f6e39356-a814-9562-da00-3f16b9469bcf,mule,True,7,0,24109.5,0.0,1.0,1.0
ea1fca65-e27a-984d-6548-21d07fcd9eb1,normal,False,8,7,6446.27,675.61,1.0714,0.8102
aac93316-86e5-2753-7c93-f6cc97d7a560,business,False,5,25,5312.0,17880.96,1.1111,0.5419
01902620-59dc-abd0-56fe-bfb9ebe9e207,business,False,7,22,3375.34,18803.42,1.0357,0.6956
c42cbc39-e05b-46c5-5636-3094a97431db,mule,True,7,5,77644.55,62633.82,1.5,0.107
398d1ca6-8b68-70b5-1d61-fac36cd5e859,normal,False,6,3,1895.18,449.22,1.125,0.6165
5876fd09-f1fa-f665-7115-33f312e89d10,normal,False,4,5,1790.25,676.11,1.0,0.4516
7f54a511-01fa-964e-1eb7-4b5653ffd3a2,business,False,3,19,683.09,9609.6,1.0476,0.8672
c9af18f8-43b9-da13-ec85-6f373bc1a987,normal,False,5,2,2638.65,496.35,1.0,0.6831
a021c0ca-3531-968d-c342-bd2bf295456e,normal,False,1,1,13.29,45.64,1.0,0.5398
20ac3703-eb67-146a-77a6-e17cd72b6108,normal,False,12,3,4807.08,370.21,1.0,0.8568
0d2b91ef-b897-6ec5-ea74-bb18de3b496f,business,False,6,21,2168.36,14735.06,1.0385,0.7434
48bddb3e-62f5-df2b-adaa-44ca8ed6ad5e,mule,True,8,0,17226.89,0.0,0.8,0.9999
53cd6268-610c-f373-4299-9aa40cdf742b,normal,False,7,1,2589.52,880.62,1.0,0.4923
09a0a0f6-73b0-a091-7634-c1694f76e388,mule,True,7,0,6358.75,0.0,1.0,0.9998
989bc4da-9b37-a22b-6a8a-616fc3b290d0,normal,False,7,4,1300.3,431.18,1.0,0.5017
9716108e-f721-69bb-8096-27182051acef,normal,False,10,7,4807.74,521.62,1.2143,0.8041
8dcdcd03-969b-6662-0562-8059568cc69b,normal,False,10,8,4452.99,1354.86,1.2857,0.5333
fbe94499-dbc0-80fd-46fb-7bf300b9d4a3,normal,False,8,5,1091.88,1190.83,1.0,0.0433
39c1e262-f76c-8ede-c110-12662408a6dc,normal,False,4,6,662.78,1714.81,1.0,0.4423
48f1096d-9c4f-fb46-71b7-01aaf836f571,mule,True,8,7,25263.12,22340.48,1.6667,0.0614
b3e4110a-45f5-0c52-2e2f-bf77076979d6,business,False,7,29,7794.24,24475.3,1.0909,0.5169
c241330b-01a9-e71f-de8a-774bcf36d58b,normal,False,8,11,1886.24,703.8,1.5833,0.4564
112fa612-7969-9ed2-ec48-bf55afd380c4,normal,False,6,9,1165.57,1160.15,1.6667,0.0023
3985c3cf-3f76-be1d-1efa-21977394988f,normal,False,10,7,4002.24,1496.11,1.0,0.4557
284d82e5-87f7-e1fb-da4b-d9caeb5cf467,normal,False,5,4,656.03,92.85,1.0,0.751
dafec8a9-3c71-e0be-f357-956071d79665,normal,False,5,4,814.4,407.61,1.0,0.3326
e6697833-b841-d0a0-1fe7-71d6d9178793,normal,False,4,9,478.18,2067.02,2.1667,0.624
e7c99b26-1141-25c6-3a9b-edd40f1259e0,normal,False,6,3,1099.62,2815.85,1.0,0.4382
8186a576-11a7-2609-5edd-bbbfa9597663,normal,False,3,1,2248.29,20.13,1.0,0.9818
1a85910d-5a05-7c11-4ffc-a6b199b479d4,business,False,7,20,3795.0,12810.44,1.0385,0.5429
f143262f-dc5c-0eed-8da0-365bf89897b9,normal,False,8,2,6559.17,12742.37,1.0,0.3203
bf1e8366-4b8e-63d4-ce76-07adf7a67b94,normal,False,8,3,1312.42,197.46,1.0,0.738
0a17991e-a576-9411-a0a1-1839e7457704,normal,False,3,10,71.94,1377.61,1.4444,0.9001
0a4c9f7f-9384-ec2b-44fe-acaed248a9a7,normal,False,4,2,384.97,85.07,1.2,0.6367
afffcfd2-341e-f40b-57c7-00aab7b56ea7,normal,False,5,6,1652.97,802.16,1.0,0.3464
3eae0032-0bd4-a990-0640-be0f25b8fd4b,normal,False,4,4,2916.49,829.98,1.0,0.5568
f6f7f0cc-29ec-8e49-d1bd-b8c0c71d5e60,normal,False,1,3,598.64,272.67,1.0,0.3737
9b689c88-3ae9-09fe-cc82-18dac696f5e6,normal,False,3,4,68.17,183.0,1.0,0.4554
d5704f32-702c-dd20-2862-18b848f4ef12,normal,False,5,6,1659.49,1712.01,1.375,0.0156
13a4a492-497d-e16d-d4ea-120a5e659654,mule,True,11,7,103046.82,76905.5,1.5,0.1453
0ef8c2d6-f7fd-5646-37bb-3eec4bf50b52,normal,False,8,7,2614.24,759.62,1.0,0.5495
458f1f19-3c07-c574-4925-7af1b6aae05b,normal,False,9,3,3836.48,478.51,1.0,0.778
5cb85aed-f5f6-2c97-6efb-63b11b049863,normal,False,8,3,2274.87,559.55,1.0,0.605
dc33e1f9-4c1f-55ab-7156-29eee893be3d,normal,False,5,5,3057.06,890.1,1.0,0.5489
1d2324e6-8329-20b7-c143-f426372f871a,business,False,4,20,1545.35,16704.53,1.0,0.8306
46d483f3-d450-281c-6c6f-7633a2607723,normal,False,4,2,1011.37,875.87,1.0,0.0718
6502d6a2-ca6a-2224-171e-16cc5da36f1b,normal,False,4,2,1624.2,204.7,0.8571,0.7757
17fc695a-07a0-ca6e-0822-e8f36c031199,normal,False,5,4,4087.92,752.17,1.0,0.689
c521bf2d-dc45-d539-c03f-3538e4855aa1,normal,False,8,3,4284.12,109.5,1.1,0.9499
b38a088c-a65e-d389-b74d-0fb132e70629,normal,False,3,6,386.88,607.54,1.0,0.2217
42deffcc-f86c-2ca2-e085-96db1d870966,normal,False,6,3,1777.29,189.99,1.0,0.8064
7d106c60-8162-7cf1-4394-72e6da587e8a,normal,False,5,3,482.22,433.95,1.0,0.0526
4dead645-0986-bbeb-f23e-323d0b9bd934,normal,False,9,3,3143.54,200.34,1.0,0.8799
9261549d-3d22-5c30-b28f-41defb140bc3,normal,False,12,3,5359.13,102.28,0.8824,0.9624
2834e4c0-14c8-b3b4-a911-d19243bfd931,normal,False,8,4,6981.53,496.24,0.9231,0.8672
300568d2-0de0-51a6-69ca-97d2764414fd,normal,False,4,2,1353.02,63.69,1.0,0.9094
bf7b539b-0f9a-ea4b-8acd-4e10bc594585,normal,False,4,9,871.69,967.83,1.8571,0.0522
83f4a9a9-48a6-39d0-15b5-2908a8aa7158,normal,False,9,4,3741.98,702.76,1.0,0.6836
6c9f82b9-f647-8986-a391-7c994c955f6a,normal,False,2,6,1374.94,2418.82,1.0,0.2751
45c45a3e-e9da-484a-8075-9f1f87e5f0fe,normal,False,6,4,1511.83,264.21,1.0,0.7021
7674456f-626d-719d-81cf-325298159d6c,mule,True,9,0,26768.61,0.0,1.0,1.0
6e218b09-9afd-4015-816b-cb9f7426b193,normal,False,4,3,2591.27,983.97,1.0,0.4494
a5d04d53-1e12-42e3-f272-92b6762172ed,normal,False,7,6,2121.85,592.76,1.0,0.5631
b9de7a3a-4868-22b9-00a8-1de9d20f87d0,normal,False,7,4,3549.87,137.98,1.0,0.9249
0b1f9163-ce9f-f57f-43b7-a3a69a8dca03,normal,False,6,8,2095.35,3327.31,1.4,0.2271
c478f6f1-b88e-c318-c16d-83edad81f8bd,normal,False,6,3,3024.08,90.57,1.125,0.9415
0f02bad0-e706-7ef4-66aa-9385dd59ba71,normal,False,5,6,1463.17,1523.21,1.0,0.0201
4ab7706e-b773-50ca-eec2-59dc7f95897c,normal,False,6,2,2886.58,149.91,1.0,0.901
1ee34dc4-3b04-8a8b-405b-fdc94e7ed827,normal,False,8,6,2764.23,1437.29,1.0,0.3157
f7dc67e0-3097-4b2b-46a0-2a9b65ec7acd,normal,False,5,8,2571.35,700.22,1.4444,0.5718
06b89231-8e86-7f3c-a487-eeabaccb461a,business,False,8,25,1981.74,16337.36,1.0312,0.7836
f758dce2-0556-daea-67b0-32831d7c0098,business,False,4,18,888.05,15258.13,0.9167,0.8899
49c13de7-3b42-06c5-085b-15fb4a8ff810,normal,False,7,3,2618.71,377.28,1.0,0.7479
aefcfad8-efc8-9849-b3aa-7efe4458a885,normal,False,4,6,582.91,595.35,1.0,0.0105
474ebc19-2ef9-1276-6c00-6f6123e2fcb4,normal,False,9,1,8316.12,118.19,1.0,0.9719
6e0d2648-35ce-8841-4973-2d6c4dcabfb7,normal,False,15,0,9064.72,0.0,1.0714,0.9999
746cdb77-1fa3-82e8-895c-cd9943b38eb4,normal,False,4,11,1289.27,1076.63,1.875,0.0898
157d94a1-06f0-28ff-a9ba-5a27907bfe36,normal,False,3,5,1957.47,2022.44,1.6,0.0163
56ea57b3-beed-10b6-4f6e-274bdedab027,business,False,4,24,1510.61,17959.79,1.1667,0.8448
a974d079-716f-da0a-45a8-882914e286e5,business,False,3,20,133.62,13785.45,1.0455,0.9807
3985fb62-17dc-8eff-6872-13f98d605936,normal,False,5,2,1256.26,396.93,1.0,0.5195
7b3a4e3e-7c52-fa17-680a-c07a2a935d62,normal,False,3,6,2823.64,1150.83,1.0,0.4208
afbb411a-a123-5a8c-93b7-a88612f70c97,normal,False,6,7,3631.57,1038.35,1.0,0.5552
78308930-1327-f1bc-2784-378ff84f16b3,normal,False,6,2,2758.57,484.03,1.0,0.7012
6f81cf4f-7701-f7bb-7bc6-7e1fc64ee6e3,normal,False,6,4,2053.28,1047.69,1.0,0.3242
a561e1e9-17ec-889c-86c1-b6cbe99630f7,mule,True,8,0,9392.96,0.0,1.0,0.9999
171dabf9-daf4-81a7-fa34-d2e8dd3f7d7e,mule,True,9,0,17247.8,0.0,1.125,0.9999
6d4067f4-5003-2b35-1857-8bafbac7e2b9,normal,False,4,4,751.4,534.3,1.0,0.1687
dc8aee30-be60-33f7-28be-9288e5af6e39,normal,False,3,4,251.76,4995.28,1.0,0.9039
6de59332-9364-f3d0-5024-bdc6dcb33df3,business,False,3,22,555.54,12891.29,1.0,0.9173
69288e92-c68a-152f-db23-aa8c3bcabf85,normal,False,6,4,1031.38,33649.18,1.0,0.9405
341c6494-0d36-6dfc-c28e-bd7071299889,normal,False,3,3,1036.59,522.9,1.0,0.3292
9f0fda8d-0537-9ff6-d6d7-b3b833094d35,normal,False,5,2,5516.14,1919.84,0.875,0.4836
1dde7969-6886-13db-a634-8e784d5c55c7,normal,False,8,1,2404.9,163.84,1.2857,0.8721
7f2984f5-bec3-9a37-9b3d-74bde91e314e,normal,False,5,5,1350.91,1507.29,1.0,0.0547
ffb8102d-9475-dbc9-9641-8cedd664d264,normal,False,10,9,3385.77,868.25,1.2667,0.5917
935f2b0a-a138-4ddc-e2d9-de5d6a18ce4c,normal,False,7,5,6757.91,5549.17,1.0909,0.0982
8d03c91e-4f8d-5238-288b-78b5b5b453ca,normal,False,4,2,1884.05,288.19,1.0,0.7343
ae8a7813-90e0-a95b-697c-392387fa841a,normal,False,2,10,240.61,1923.74,2.0,0.7773
a092f52a-d4a0-57a7-b0cc-1b3b9793b9b4,normal,False,5,3,1589.88,44467.32,1.0,0.9309
466772ce-204e-178c-10d0-8d1125f934bf,normal,False,5,2,1374.83,557.31,1.0,0.4229
1b66b5a9-e3c4-3657-1d8c-bbac43b409ef,normal,False,3,4,3229.64,1571.48,1.0,0.3453
9ad620ab-4821-2ddb-45b8-9cd927cb6f2a,normal,False,8,2,2800.74,58.45,1.0,0.9588
43f59a85-fbc9-f87a-f668-a61794a1875d,normal,False,7,1,2030.89,80.1,1.0,0.9237
e8a3f341-c881-9065-ba2c-98ce0b19f88e,normal,False,2,2,500.38,101.76,1.0,0.6609
892e6161-be2d-740a-1e9b-23bc50c7c006,normal,False,2,1,1586.86,830.89,1.0,0.3125
63f2ae24-fc3d-3348-008d-4127610461e3,normal,False,8,5,1542.95,23099.47,1.0,0.8747
c7fee39f-1190-f938-a66f-d7f739669fa7,normal,False,3,4,1365.26,545.32,1.0,0.4289
b7e6427c-bf78-0e3f-f6b7-51f79b749245,normal,False,4,6,564.63,449.0,1.0,0.114
4169b9fc-c3a0-0c6f-2321-d1e1c47104c0,business,False,6,24,3076.21,23845.96,1.1538,0.7714
0c0fd195-c17a-f08a-1745-d6d87e570ddf,normal,False,7,2,4869.63,198.62,0.9,0.9214
61607459-85c7-504b-c693-da1139c6a1ca,normal,False,6,3,3963.43,116.87,1.0,0.9425
277d1be9-6070-b6a1-98e5-2499218c6e1c,mule,True,8,4,40867.34,33446.62,1.3333,0.0999
47503f1d-c33a-1f6c-1d69-1fba5e187b24,business,False,8,27,7560.53,18837.07,1.0294,0.4272
14dd5061-5557-36f8-267e-ddcedf8f4197,mule,True,4,0,12740.38,0.0,1.0,0.9999
505cc686-9f87-1ce7-5487-fd4febb7a385,normal,False,6,13,3035.37,1727.95,1.7273,0.2744
638c254c-076e-2bba-7c53-08bf6f92f25e,normal,False,5,1,1850.77,102.67,1.0,0.8944
4b5305e5-17d2-582e-046a-0df5cafda613,normal,False,6,4,4048.21,349.04,1.0,0.8411
787f2425-dbcc-c477-09e9-db0adf465290,normal,False,13,2,4677.05,1120.74,1.0,0.6133
74eff545-3e65-2603-78e3-654bfaf14ff0,normal,False,3,3,1383.77,187.89,0.8571,0.7604
19bc143e-fb02-bebb-4872-9a4d98c7472a,normal,False,9,3,2637.19,645.77,1.0,0.6064
8861fe18-58e2-5888-0a83-81bec85aca46,normal,False,6,3,2211.32,138.38,1.0,0.8818
134a5a2f-a7cf-705c-c257-cf73c29d782b,business,False,8,36,1953.77,38077.3,0.9565,0.9024
e64d1bcb-7027-53a1-5f98-7c71a65e688e,normal,False,3,2,1043.64,369.98,1.0,0.4762
11c58ef0-dd46-3c09-4752-87aa5408f9ac,normal,False,8,5,3102.54,302.46,1.0833,0.8221
9191b363-4e2d-6645-6dc7-cac7fd72b050,normal,False,6,7,842.05,638.57,1.625,0.1373
65c17795-b155-16bc-9f8d-ed9756abf2f1,normal,False,4,1,572.91,93.49,1.0,0.7183
284bf962-5744-f596-7422-21676b7a2460,business,False,4,23,720.3,15291.93,1.0385,0.91
7135f221-a6c9-537f-84da-d06a7872bdeb,normal,False,5,6,1709.1,820.0,1.375,0.3514
8da8eee4-0df5-6ac6-f96b-648a0ba6eab9,normal,False,3,6,2279.75,517.59,1.8,0.6297
9a36d1ec-2c6a-6e9a-3280-67a14187222b,business,False,8,22,3297.81,22232.88,1.0345,0.7416
3a7e8e14-e359-eee1-7399-1a476e191042,normal,False,6,6,6714.28,2496.79,1.0909,0.4578
66132e69-7418-8109-d3d1-bf0f56c438e4,normal,False,6,11,531.57,704.82,1.4167,0.14
b18753e6-d457-8ad9-a867-a096edd877c8,business,False,8,20,2626.61,21355.0,1.037,0.7809
006ed6e3-6fa1-7735-b572-f3d00b5cea6a,normal,False,7,5,2986.93,372.24,1.0,0.7781
bc0a6a5d-6e99-6e3e-e3b1-37fc0a3450fc,normal,False,7,2,2908.46,653.3,1.0,0.633
fc377a4c-4a15-544d-c5e7-ce8a3a578a8e,normal,False,5,5,4816.84,2035.31,1.0,0.4059
8bcf53a1-bc10-fa52-bf5d-2fdf89c8d2ab,normal,False,8,8,8012.25,1915.82,1.6,0.614
acdabacc-1165-e210-9854-3881118a9d29,normal,False,6,5,1465.41,562.14,1.0,0.4453
af908e3c-dd75-0e98-90e0-b95f0212b554,normal,False,7,8,1169.62,940.86,1.5,0.1083
d39e198b-4400-7d5a-e88d-a71926242b40,normal,False,6,7,3098.23,944.56,1.4444,0.5326
b1a6b1f1-620e-99d3-3b33-f3d8269cd696,normal,False,6,1,6776.04,49.09,1.0,0.9855
1723199d-bf2c-14a0-3a3c-8a71ff574e2b,normal,False,7,6,2421.88,607.0,1.0,0.599
a34b6cf6-2053-da42-f1af-db65b289f224,normal,False,5,6,3181.61,892.81,1.0,0.5616
cada4f80-a9e7-82d4-fd08-b32c62d60e93,normal,False,5,11,766.65,1158.32,2.0,0.2034
9be578c7-81f6-31d4-a392-31a7d777a477,normal,False,5,4,1244.49,506.56,1.0,0.4212
da509fed-1d4a-3d81-b3a7-d0e0cb08587d,normal,False,6,5,1192.38,1120.33,1.0,0.0311
925817b7-cf50-1889-e8b7-7f7b7321bf6b,mule,True,11,8,68784.68,48964.19,1.5833,0.1683
06998731-ddcf-8766-a93b-12cd1c24220e,normal,False,5,3,2734.49,2681.22,1.0,0.0098
663f1c97-9562-69f0-e5d7-b8756dadd6c7,normal,False,5,4,2194.32,498.71,1.0,0.6294
c2b6d2c5-fa5d-3100-11b7-e948d0e6e660,normal,False,5,5,2039.06,726.01,1.0,0.4747
1bac27a7-b386-f7a4-c991-603f28c13091,normal,False,5,3,4045.24,163.39,1.1429,0.9221
63b4c08b-6b8e-869f-d538-5b0e34f3193c,normal,False,8,8,3084.84,1586.54,1.0,0.3207
59a1120e-1bb4-3332-d8e7-012f39681c81,business,False,6,15,1129.47,9589.34,1.05,0.7892
a99f1318-49c8-a43f-7ed7-0ed7b194990b,normal,False,4,3,740.0,3294.36,1.0,0.633
f6e07cc0-6c52-c49f-9b49-bd26df57c59a,normal,False,3,2,2105.96,362.35,1.0,0.7061
0d77c5a0-e222-b6a6-15bf-be9798a21f1c,business,False,5,20,1610.54,10955.27,1.1364,0.7436
8fb864e4-f173-8856-e25d-36eb9e9a9f83,normal,False,8,1,2533.66,563.1,1.0,0.6361
1825bc54-30be-b45f-6835-14f2ceb81f9d,normal,False,9,2,2083.58,857.04,1.1,0.417
f1b64afe-d31e-df1a-e9ff-1cae41c8ca8c,normal,False,4,3,922.86,1172.8,1.0,0.1192
6c6fa611-5ab3-3edf-6e59-5ed3a8b317fa,normal,False,6,4,2613.21,848.47,1.1111,0.5096
434308bc-89fa-6a68-8fb5-d27bbeb79919,normal,False,7,5,1256.49,607.38,1.0,0.3481
688c7015-aab9-7e49-4f2d-479681d2c7de,normal,False,5,0,2310.19,0.0,1.0,0.9996
b3ecb951-ab8c-bf97-20b7-1785d02ce0c1,mule,True,7,0,15668.51,0.0,1.0,0.9999
54c63cd8-8945-6f27-d7fa-2d8dfb2ca025,normal,False,4,9,994.36,1499.87,1.3,0.2026
75d66ed4-eb1f-a9f2-d10b-d1d033173470,normal,False,4,2,2694.44,74.7,1.0,0.9457
04fc6d82-7d15-4385-52fb-e43b99546eb4,normal,False,7,4,3611.63,959.03,1.1,0.5802
19597b5a-a7a8-f636-6a35-df59e2aa7a5d,normal,False,3,3,1152.57,293.4,1.0,0.5938
96da1dac-72ff-5d2a-386e-cbe06b65a6a4,normal,False,12,4,16347.16,288.17,1.0,0.9653
1497d658-7010-f719-7e69-5d0d8a3c3b5e,normal,False,6,2,2209.91,116.89,1.0,0.8991
5260001e-eecf-67d2-7491-76f46090d697,normal,False,9,3,2726.1,228.79,1.0,0.8449
13c11754-27aa-7cbc-2337-7bbcfffe77c8,mule,True,5,0,1167.64,0.0,1.0,0.9991
e45b712e-b822-5688-d0a4-44329cd6c852,normal,False,5,3,3457.48,469.31,1.0,0.7608
747b6dba-c8fe-3ccd-c8b8-d9c6ed3049cf,normal,False,7,4,2406.09,561.25,1.0,0.6215
fbddcf7c-9c96-e9ec-4d71-c366b41b3143,normal,False,5,5,4162.29,604.98,1.0,0.746
bd767e35-f5c9-b047-9c10-c5720f6b40d0,normal,False,6,4,2581.1,620.23,0.9091,0.6123
587ef344-6f3f-920c-98b8-e4cc1bc044fc,normal,False,7,5,2288.47,836.56,1.0,0.4645
62801c45-1043-5a10-98ae-43346c12ace8,normal,False,8,5,2724.86,282.46,1.0833,0.8119
f6febc0e-7ecd-dbaf-26f0-5fcffb16e5db,normal,False,5,10,2135.09,947.29,2.1429,0.3852
bdf66ba5-dc9c-96de-65a6-74c212738a23,business,False,6,30,1005.33,24986.55,1.0286,0.9226
ca0ac6ac-0d67-d38e-990f-0c5badcc3daf,mule,True,12,4,37757.95,11612.46,1.2308,0.5296
ebd14d2c-75b2-7455-04cc-3ede6fac1673,business,False,6,26,2890.71,20883.73,1.0323,0.7568
22f235f2-e11b-868d-bf0d-073d821c1336,normal,False,7,3,1724.23,252.49,1.1111,0.7442
a53f8a28-abf3-e3fc-2181-3d25655238a6,normal,False,8,3,1436.32,692.68,1.0,0.3491
6e068097-25e9-7977-8d72-48e2951f58d0,normal,False,3,5,931.7,326.4,1.0,0.4807
dabac50d-ca3d-d859-c5ce-099c46b82659,normal,False,5,2,2084.83,72.63,1.0,0.9322
a4161293-c4c2-e2e3-444e-a7c8c0398710,normal,False,11,3,7002.96,688.06,1.0,0.821
7d824264-1ba3-62e7-afa4-15e56d204496,normal,False,8,9,1562.51,586.35,1.8889,0.4541
2cf6bf75-6a5e-6920-bf5a-e7e653a3dd5a,normal,False,7,4,5985.04,424.93,1.0,0.8673
59e1ac09-5970-a859-c6b6-e4ade7ea8d5a,business,False,7,28,1885.64,16057.33,1.0,0.7898
6694c343-10ba-58e3-d276-2bdc1d34d08e,normal,False,3,9,7860.67,1052.07,2.4,0.7638
eeea163e-21e8-ac68-43e4-2caf8181a8cc,normal,False,9,15,6089.28,1954.38,1.8462,0.514
49bc473f-ed7b-f656-218a-15368c99a894,normal,False,7,3,2142.91,783.95,0.9091,0.4641
7f671eec-3da7-0577-aee1-e86b9ea556aa,normal,False,2,6,83.89,330.4,1.6,0.5936
c1581092-f335-cba3-513a-7052986f9025,normal,False,2,3,123.86,379.78,1.0,0.5071
65bcc272-fadd-7ea3-aca5-e2fdb966442a,normal,False,6,2,1875.14,131.97,1.0,0.8681
122c9a56-01d7-4256-3860-2ab696a402f2,normal,False,3,3,1155.58,292.71,1.0,0.5954
945ef2e4-088a-93ec-70d9-c9f8c9e26074,normal,False,8,0,3404.38,0.0,1.0,0.9997
e1e3db63-ef7d-dc76-b92d-a22b21df306f,normal,False,5,5,1622.86,455.35,1.0,0.5615
19db3ad0-ddd1-dfb2-3b98-2ef8daf61a26,normal,False,5,4,2723.85,370.86,0.9,0.7601
3d85de89-c217-1429-8e20-07247d137018,normal,False,8,4,2920.2,1374.11,0.9231,0.3599
74685b98-d2fe-2fde-d918-b3e5f2f25eef,normal,False,3,1,1941.81,453.78,1.0,0.6209
0bbb2599-11ce-5dd2-b45e-d1f03139d32c,normal,False,7,4,3270.16,570.57,0.8462,0.7027
bb026576-f512-c4c3-b253-d2186c4a37ea,normal,False,1,1,235.81,121.29,1.0,0.3198
04aac1b7-5ca0-c428-822c-4d326c645c15,mule,True,9,0,8727.45,0.0,1.0,0.9999
64de82e6-e82c-7d7b-06e7-45f988bc539c,normal,False,5,6,1484.32,2182.8,1.0,0.1904
cbd58bf6-1efd-76e9-ce37-14af99b49350,normal,False,5,3,3113.61,277.92,1.0,0.8359
ae849217-1d53-434b-b881-39b9ae270da7,normal,False,7,5,1982.16,866.36,1.0,0.3916
23bed01d-43cf-2fde-2493-3b83757750a9,normal,False,2,3,309.45,251.25,1.0,0.1036
11e9cdaa-6e69-81a3-5d3d-9e563270e4fa,normal,False,9,4,5090.47,388.21,1.0833,0.8581
0299436a-8e48-5223-46b9-8991e14eb70d,normal,False,7,5,4014.53,1001.47,1.0,0.6006
5be4bf51-9269-8698-61a1-17293cb98350,normal,False,2,1,538.6,82.98,1.0,0.7318
9e11d2cd-0930-aef6-8a80-068ddf547e50,normal,False,3,3,650.57,301.28,1.0,0.3666
546e035a-292b-d156-db94-65701ac70ec0,normal,False,6,1,2314.05,134.35,1.0,0.8899
f1578470-0182-67c4-7a1b-58066160a6b4,normal,False,5,3,3594.73,340.75,1.0,0.8266
4e6384bb-3e49-3f43-b118-f68d6786d506,normal,False,7,4,2192.63,743.96,1.0,0.4931
7a0ecfea-958c-a9ba-0cd6-20c20ea2622b,normal,False,6,7,789.71,998.95,1.0833,0.1169
6105716b-ab0e-664e-9c3e-b2d591e1aa96,normal,False,5,4,6711.92,375.45,1.0,0.8939
8db06746-7927-9973-5e78-1fd794e0d3ba,normal,False,5,6,1541.0,829.84,1.0,0.2998
12a4def0-c4bb-b7a9-d988-68dd9c7c7377,normal,False,7,5,7528.95,671.48,1.0909,0.8361
cbc84759-f5b7-8cc7-e6b3-c944cb323e35,normal,False,5,0,1134.32,0.0,0.8333,0.9991
8c41561b-e827-a1b9-d4a0-2e536d3ee1dc,normal,False,5,10,2955.21,1077.11,1.875,0.4656
cc9fd334-9bdf-0377-a149-23c2f920264c,normal,False,9,3,1349.94,363.03,1.0,0.5758
9082889b-e1cd-e87f-ec95-5f87ae5ec365,business,False,4,20,965.08,11769.78,1.0435,0.8484
87f8424d-aae6-5fc1-76f2-dbfecd29a36f,normal,False,8,3,3908.06,443.17,1.0,0.7961
a2178f84-bdb0-25ff-2451-e5a411d059b2,business,False,3,21,1687.12,15746.91,0.96,0.8064
7bb38605-da74-3152-627b-41a1ffd6f232,normal,False,8,11,1321.25,36864.78,1.5833,0.9308
42c18a62-ef48-e8d5-50fd-9d3f85d51695,normal,False,8,5,1114.3,5151.2,1.0,0.6442
cc3ebdde-5ad5-cf06-364d-7c877cd0129d,normal,False,5,6,627.38,705.9,1.0,0.0588
6e8f75a1-17dd-ed81-15da-705cd4ef00aa,normal,False,4,11,1903.83,634.06,1.6667,0.5001
3e6dd58b-7367-c28d-e1b2-94de4767d76c,normal,False,5,5,1466.59,574.75,1.0,0.4367
828c37e7-87d5-b7be-1d30-d990a21b0307,business,False,10,23,2092.45,30287.69,1.1,0.8707
82ec9f2d-fbf6-e16f-9b30-80d56fb78271,normal,False,5,4,2429.3,224.7,1.0,0.8304
45b1ed25-f153-3ae8-670a-cc5cb321bf21,normal,False,11,2,2876.02,48951.78,1.0,0.889
8d4a75b8-551a-c8ea-585a-0afa7bfdcc12,normal,False,6,3,1724.61,237.35,1.0,0.7577
c9776598-203c-8c25-fd23-5def3e5a87e3,normal,False,8,2,1857.26,94.6,1.0,0.9026
2812859a-1337-739e-8d4f-5d272c7f0b79,normal,False,5,5,2370.09,1031.3,1.0,0.3935
f22b5b98-b24c-c64f-be3e-6e57f30a9e32,normal,False,5,4,1434.9,236.33,1.0,0.7167
a847bce7-90fa-6b57-24ac-2130deaf528d,business,False,6,20,10071.37,10097.72,1.0833,0.0013
6a07f213-7129-cec7-9b69-554d7c54535f,business,False,5,15,9073.52,16128.61,1.0,0.2799
598ddaec-eaaf-e543-2434-a678a9e27ba9,mule,True,9,0,38696.99,0.0,0.9,1.0
32c5bd89-b70b-3420-f104-3785658b2523,normal,False,5,8,3845.21,510.07,1.4444,0.7656
6aedfdc7-a3e0-5309-b5a1-b94967884209,business,False,3,13,2312.6,13417.41,1.1429,0.7059
a4bbf962-606e-0e1c-8f15-84494f40c22f,mule,True,12,0,25221.78,0.0,1.2,1.0
1a5165ca-3c7c-1d85-25cf-0041d0a643fe,business,False,5,30,2102.57,21035.78,1.0,0.8182
1422373f-8622-68d1-6683-e10796c044d0,business,False,9,37,1908.09,26708.09,1.0222,0.8666
3f4b1a70-c074-718e-425a-609f7337c599,normal,False,7,5,1068.89,1918.55,1.0,0.2843
a4b1f991-7542-4646-4d37-a539857dd3b3,normal,False,6,3,1604.91,122.74,1.0,0.8574
e8dd5e5a-1712-fb16-21a4-344fbb7bee03,normal,False,1,2,160.56,250.74,1.0,0.2187
d85c16bd-6dda-4f8d-cea6-0f4c39e58ff0,business,False,5,18,1255.01,15578.08,1.0952,0.8508
89a2688b-12c1-36e0-1998-5f15ff002d4d,normal,False,5,1,2002.23,145.16,1.0,0.8644
0e5dd462-cbd0-0ef2-530a-37df0bc61066,normal,False,10,8,3959.12,736.71,1.5,0.6861
f020e992-b576-255e-9854-9f222102f9c9,mule,True,7,0,17907.68,0.0,1.0,0.9999
f0e98b3b-40a2-6c60-0d27-0659f72ada9b,normal,False,8,5,2761.79,1635.7,1.0,0.256
78b2b549-3bdb-c09e-acc2-16a01bbc91f7,normal,False,4,2,547.77,68.09,1.0,0.7776
f54ad0a2-e874-66d7-ad66-a1bd93676a02,normal,False,7,6,1050.71,534.54,1.0,0.3254
c3e15a85-d46e-f104-1190-6f5034885a46,normal,False,6,0,1341.75,0.0,1.0,0.9993
81f7f3fb-19e4-5c6a-c9c2-3e69d82c7565,mule,True,6,0,19669.1,0.0,0.8571,0.9999
2d06e8cf-3805-f907-6cd6-6193c7468f59,normal,False,7,7,1956.5,1433.05,1.0,0.1544
2bcfbe01-a28d-efe3-9bf0-027312476f57,normal,False,4,2,1162.32,645.86,1.0,0.2855
73557b9d-0fd6-f47e-f52d-4af2269ed4c9,mule,True,8,0,19978.34,0.0,1.1429,0.9999
4b943e30-b303-f438-fe21-10d04bbe4aff,normal,False,6,2,1542.15,71.97,1.0,0.9103
1a84a51a-a9d3-d7c7-ee87-905e4ca415ea,normal,False,7,1,1556.89,274.8,1.0,0.6996
82dc4c8e-36b5-229a-acf5-e81e71316269,normal,False,9,4,2370.93,408.17,1.0,0.706
d58842de-a2bc-372f-7412-b29347294739,normal,False,6,3,876.49,421.19,1.0,0.3506
6bc4123e-bde1-3c1b-2073-3f6d0d6a05b3,normal,False,9,1,898.21,62.88,1.0,0.8682
2c9b662e-040a-3aae-52e2-afd996bf10ab,normal,False,7,3,2986.29,535.26,0.9091,0.6958
1931e9ee-a56c-0941-fbf2-4050a748dbcf,normal,False,5,5,4260.88,1935.34,1.0,0.3753
3d1a85dd-506e-5a9a-b758-588dab73295b,normal,False,5,9,2369.25,1417.3,2.0,0.2513
d0243d72-3748-967f-961d-33ba350843f0,normal,False,4,1,2275.58,48.88,1.0,0.9575
90164161-cfa7-01cd-2631-d00b26d794d3,normal,False,6,10,1337.46,2132.72,1.6,0.2291
2067bdac-88bd-13d1-b540-b30e039f3a25,normal,False,9,4,6047.05,693.31,0.9286,0.7942
e3e9de99-f10c-718b-1eb0-e38a675dd5af,normal,False,3,9,1727.36,616.85,1.5,0.4735
8beddb12-ad77-e82f-49a2-3a89e6b5a92c,normal,False,7,5,1578.04,459.33,0.9231,0.5488
14a0bccb-8a47-6a87-e49d-681d51d87c64,normal,False,9,3,7251.7,179.19,1.0,0.9516
52c21221-409d-3602-5084-3242168b1625,normal,False,7,2,2699.84,425.57,1.0,0.7274
379efc6e-5edb-0d3c-b0b6-3bcf08601833,normal,False,4,8,3449.84,2305.48,1.7143,0.1988
f6802cdb-77e4-90c7-1d7b-c313cde22f1c,normal,False,7,10,2898.05,4719.16,0.9444,0.239
0dde29a6-baa4-b71a-dd24-67ac778eedb3,normal,False,2,11,586.97,1126.55,2.6,0.3147
8573e793-c715-b2b9-c40c-5d9146fde062,normal,False,6,4,1594.42,660.54,1.0,0.414
81fb18b3-c9a7-d91f-ef2a-e71357021049,normal,False,6,6,1743.92,1055.63,1.0909,0.2458
43dac043-2a45-c2ab-8cbf-edb0f264accc,normal,False,4,3,1914.06,161.17,1.0,0.8443
4ca9cf07-b1aa-0f6a-2a96-e1e27194eae2,normal,False,6,6,3106.77,371.53,1.0,0.7861
6553867d-a881-bfd3-d47d-577bfa5a91ca,normal,False,6,4,3800.48,666.62,1.0,0.7014
f396ea37-f065-c817-687a-48509d9b6231,normal,False,5,1,3354.36,369.39,0.8571,0.8014
6a702e2f-7746-d0ba-8ae8-905b54b4a482,normal,False,7,9,746.23,1052.81,1.3333,0.1703
a5cc8bf7-38ab-854c-9c2e-58deea4e3617,normal,False,5,2,2853.5,234.02,1.0,0.8481
382c043f-7cfc-9b79-3875-394ce5d6f6e6,normal,False,2,3,617.48,102.79,1.0,0.7136
c9e48e8c-25c6-1c45-c63d-04ee541c7a86,normal,False,4,3,1745.87,754.98,1.0,0.3961
3170f437-a8f7-ef5a-060e-df5b39118497,normal,False,9,6,2540.71,1796.84,0.9375,0.1715
0cbd3c03-9e2a-a4ac-c122-b5b3284c03d2,business,False,4,25,640.55,24572.57,1.0357,0.9492
770c7798-37cc-863b-f2a0-345990604f62,normal,False,7,0,1442.42,0.0,1.0,0.9993
9c07a751-1437-4509-2cd1-586a2b840c67,normal,False,6,2,5181.63,1219.2,1.0,0.619
7656af72-29d4-beef-3eab-edcbbaa80dd4,normal,False,12,4,5107.89,999.37,1.0,0.6726
f0ede303-aa53-c19c-dfa4-bb9f5a856750,business,False,4,22,3893.41,15162.31,1.04,0.5913
2af43ab7-5e6f-ea07-c453-6f1d41992fdf,normal,False,7,2,649.06,53.24,1.0,0.8472
5be6128e-18c2-6797-6142-ea7d17be3111,normal,False,8,2,1409.1,330.39,1.0,0.6198
52bdc661-9fe0-a8c7-fc8d-5b93a2a2e91f,mule,True,1,0,2920.6,0.0,1.0,0.9997
f0b6f83f-a377-f6f1-d289-f0ab618ae305,normal,False,4,4,1218.58,355.25,1.0,0.5482
ef04e57d-cdcc-c33a-a943-4aa096fc734d,normal,False,8,6,1423.29,495.08,1.0,0.4836
0964fbbf-8cd3-21b0-c2b0-1cfdd045dd1c,normal,False,4,7,316.94,2728.66,1.0,0.7916
dc4ad56b-d601-6237-ac9e-d156f63fce41,normal,False,9,2,3639.2,1811.72,1.0,0.3352
cac5b68c-28f4-9481-a0a0-4dc427209bdf,normal,False,4,6,538.65,1121.32,1.0,0.3508
67814c1f-cc53-0e36-addc-3e13ab3b4d37,normal,False,9,2,9430.5,275.67,1.0,0.9431
176132ed-069f-14f1-4018-1c6e9a8cfa3c,normal,False,5,1,2006.8,129.2,1.0,0.8786
a013ac6e-deda-4e16-1b3d-bd5ce9a1fa6f,normal,False,7,1,3579.48,23.74,1.0,0.9865
a0d4de3d-2303-f6c6-d69d-42f1ae4c84ff,normal,False,2,11,2613.35,1552.21,1.4444,0.2547
9ef2b93e-30ac-7d7b-a2f9-63a33810ae66,normal,False,5,8,953.18,1371.03,1.0833,0.1797
c07a30f2-edd4-253b-50f0-fd0a750cab75,normal,False,7,2,3395.3,573.08,1.0,0.711
859131d2-bbda-0242-2d17-4fc96f7c15ea,normal,False,7,9,6404.2,2387.32,1.0,0.4569
a981b098-b2cf-952d-a7f3-33b3f7baf55e,mule,True,5,5,76565.75,64947.75,1.6667,0.0821
c96b5edb-0cf2-b69b-0577-aea9f8999246,normal,False,8,10,3885.19,812.16,1.3846,0.6541
da7b9095-63d6-2a39-c0e3-befd4c71e0fe,normal,False,5,12,1234.06,1246.39,1.7,0.005
da330aa1-541c-dfcd-da0d-4a5f148f8b74,normal,False,4,5,704.07,1515.38,1.5,0.3654
46685257-bdd6-40fb-0667-1ad11c80317f,normal,False,10,7,3390.34,77497.39,0.9444,0.9162
533420e6-d9d8-0b8d-7e8a-dee70758e201,normal,False,3,2,279.62,531.88,1.0,0.3105
77097749-527e-ecfa-a79a-c9aa9b4e2c24,normal,False,7,3,2431.27,488.88,1.0,0.6649
134c6c92-ec5b-227c-dfde-4fbf3ff350bf,normal,False,6,6,2228.52,1012.4,1.7143,0.3751
ba0266ef-be05-5787-965b-efdf6b4be411,normal,False,9,1,1534.4,203.57,1.0,0.7653
cd5f4822-6966-08aa-ee49-f329c84a7b28,normal,False,4,4,1830.66,497.96,0.8889,0.5721
ebff8d15-30cb-d755-6232-b17a25074181,normal,False,7,1,3306.52,50.39,1.0,0.9697
91b78d8e-d301-6989-bfbb-b17f9854ce4e,normal,False,8,2,3897.62,233.52,1.1111,0.8867
25440fe0-6e41-7d47-5ff5-95ea5bc440f1,normal,False,9,14,3933.76,2188.07,1.5333,0.2851
47229389-571a-a876-6c30-7511b2b9437a,normal,False,4,6,685.3,1040.43,1.6667,0.2057
175ba98d-f814-0102-7de1-bdfed0725b5c,normal,False,5,15,1484.72,1329.8,1.6667,0.055
b489d070-7914-f8a8-bea4-ff31517400f8,normal,False,13,5,6331.95,2424.27,1.0,0.4462
980402a2-b07a-a066-7354-35ea68949b8d,normal,False,6,5,646.68,164.41,1.0,0.5939
b64fa54a-8c61-1654-95da-75c1a21150f9,normal,False,4,2,665.07,76.26,1.0,0.7932
2369b584-ff5e-9ff0-ff50-bde4382567b8,normal,False,8,2,1473.12,63.27,1.1111,0.917
fa02eaec-96ef-2ad6-b97e-670346c8adfe,normal,False,6,0,7963.47,0.0,1.0,0.9999
ebc2026f-af34-cf65-a193-c4b23c19e71d,normal,False,1,8,1369.48,1194.57,1.8,0.0682
a34db7c5-760d-ebbb-3b70-b3a124a35cf2,normal,False,4,5,1560.09,1285.6,1.125,0.0964
707df251-fdb1-429e-7010-ed13b526b22d,mule,True,8,7,65201.87,57215.82,1.6667,0.0652
86cac6f4-e238-fe93-bd17-c5e8d5ca69ab,mule,True,12,4,74407.45,44151.9,1.2308,0.2552
5304317f-af42-e12f-3838-b3268e944239,normal,False,6,4,4625.59,334.98,1.0,0.8648
839fbc50-1223-b513-5496-f63cdc1110c1,normal,False,9,4,4373.72,249.45,1.0,0.8919
ce7ae7f6-3982-0cff-4f77-a665ac3c5640,normal,False,4,3,2154.33,183.59,1.0,0.8426
ccc56569-f9e8-a369-2999-b735dd56cc94,normal,False,6,5,2915.38,794.07,1.0,0.5717
8c459ce2-67f4-8ad5-4d0b-0d1a91b0e1d9,normal,False,6,10,1805.11,1054.4,1.6,0.2624
66245bfa-4fcc-a39a-b683-d2e6337ea2df,normal,False,6,7,4000.54,631.98,1.625,0.727
3ed8c56c-da09-dfa0-5282-8d8044b591f7,normal,False,7,1,2662.99,23.18,1.1429,0.9824
5d286aa4-28a3-9779-9c1c-351785d2d0a6,mule,True,5,0,7573.79,0.0,1.0,0.9999
def57689-68f4-5bce-24e7-5e8eb8f21423,normal,False,4,2,3008.13,104.2,1.0,0.9327
5e09a9ee-af88-bdec-fb1e-143b196f4dfa,normal,False,5,9,944.68,5711.31,1.0,0.716
dd6ac7b8-6778-043b-c5c5-b37af85e06a1,normal,False,8,4,1166.85,4903.13,1.0,0.6154
c0e9ab30-ed26-62e9-17e0-11b7f8102383,normal,False,5,5,738.14,1073.14,1.0,0.1849
217d65a0-c568-11cd-5563-f61600e85ece,normal,False,7,4,4996.98,514.82,1.0,0.813
6651529e-8268-690b-a438-25b559e4b671,normal,False,5,4,2283.42,410.43,1.0,0.695
562b0f79-c374-59ee-f50b-ea63371ecd7b,normal,False,4,3,2306.16,78.31,1.0,0.9339
287d06ca-6f4c-c69a-4b22-d3081c8eaee9,normal,False,8,5,4020.76,65676.24,1.0833,0.8846
16419f82-8b9d-2434-e465-e150bd9c66b3,normal,False,5,3,1010.75,424.05,1.0,0.4086
f4427e0b-6148-4bb3-889b-78d5dbfdd97e,normal,False,6,4,1366.43,1158.94,1.1111,0.0821
c566aa81-b15e-54f6-d4d3-07952e4bebc4,mule,True,8,0,13161.8,0.0,1.1429,0.9999
36d55494-f37f-d50d-2e25-b5ee4f11d8dc,mule,True,5,7,14284.8,12733.46,2.0,0.0574
e8cda0cc-76da-3ca0-d2e8-2f38a2a9d4d8,normal,False,3,2,1016.46,33.63,1.0,0.9351
79eb4168-1045-56e5-bee3-eb791d181ee9,normal,False,6,2,2070.83,77.0,1.0,0.9279
894a05e4-30b1-87ef-310c-0c003fa7f104,normal,False,5,2,1005.98,174.34,1.1667,0.704
431d029f-ac1e-86d8-bfbf-397bac3e7b0d,normal,False,8,2,2292.69,603.16,1.0,0.5832
5738811d-70c2-903f-7a8d-03aa782a65e0,normal,False,3,3,2632.23,148.72,1.0,0.8927
2c8d0e44-e71e-43a6-bf85-bf0ead64b56c,normal,False,5,4,1861.91,70993.86,1.0,0.9489
35a240ae-5af3-0553-5ec4-2e0829a3b2e9,normal,False,3,1,446.64,106.21,1.0,0.6147
bd29ede9-cab4-923b-f448-83858de7ad6c,mule,True,11,7,105253.16,70376.95,1.5,0.1986
8ce21ea3-db20-a56e-dc81-5fe7ceda8bbb,normal,False,8,3,4769.05,872.3,1.0,0.6906
f41ea3ac-5fd2-3109-4140-752caa448259,normal,False,7,6,4707.55,782.95,1.0833,0.7147
709b7d97-464c-04af-3d3f-3799a07295e9,normal,False,5,5,2894.58,894.54,1.1111,0.5277
4d57d880-d865-d69a-74f3-310340066ff2,normal,False,6,3,537.57,361.22,1.0,0.196
5efa9c5b-7421-ff46-637e-4b0122bae10e,normal,False,11,3,10392.13,1026.73,1.0,0.8201
bb5e4bcf-15ed-6269-1429-6c07f26b4776,normal,False,6,6,2018.33,1427.25,1.0,0.1715
74daaebf-1f11-5b76-d92c-9227eadf5085,normal,False,6,2,2099.47,82.42,0.8889,0.924
5c941cf0-dc98-d2c1-e2ac-f72f9e574f7a,normal,False,7,1,3457.36,42284.88,1.0,0.8488
093923de-8bab-ce3b-2628-6bfbe767dcea,normal,False,10,5,4577.71,1063.21,1.0,0.6229
7e7e7419-a0c1-4035-c5d9-5f51f387e1bd,business,False,6,25,3200.79,22919.1,1.1481,0.7549
e037e5ed-b8db-0672-f42d-47cc00d4af59,normal,False,1,6,1453.07,567.61,0.875,0.438
ab61a7b1-793b-4c32-2050-04943d114802,normal,False,10,3,6410.52,291.95,1.0,0.9127
ee0caeb5-ecfe-db99-2790-cebdbfddc3d9,normal,False,4,1,1010.68,138.81,1.0,0.7578
d4f8fd72-f382-1cfd-c083-b73a473bd358,normal,False,3,6,1051.64,849.55,1.5,0.1062
68a51c68-632d-bb5e-486b-b6bfeafde7d9,mule,True,7,0,19243.48,0.0,1.0,0.9999
edcb8cb6-0692-dc63-9424-aed51bac5c15,normal,False,6,1,1282.28,255.8,1.0,0.6669
366eb16f-508e-bad7-b7c9-3acfe059a0ee,normal,False,5,4,3350.53,301.8,1.0,0.8345
b5122df8-75b1-7a55-d426-2982e43e4288,normal,False,4,6,591.3,1864.77,1.0,0.5183
d453dd32-4b0d-bb41-8d52-88f1142c3fe8,normal,False,3,2,725.69,262.25,1.0,0.4686
db52ca58-0500-0bc6-b20d-cb6ef2311f17,normal,False,8,8,3386.18,946.34,1.6,0.563
3e49fd09-1b19-d8b8-d830-20816fcc57dd,business,False,5,13,1074.7,14985.29,1.0588,0.8661
57eb89b1-d65e-59dd-e62d-2d06cf9b8558,mule,True,7,0,6795.08,0.0,1.0,0.9999
e21342b0-f1ee-dba3-1343-2e611ca3c448,normal,False,3,3,490.91,488.91,1.0,0.002
87c5421e-ec24-a3c5-c754-108ff4188f3f,normal,False,6,2,2002.84,116.86,1.0,0.8893
3dc98290-15ea-bb27-30e9-12f2f2b43abf,normal,False,6,7,1932.19,1111.32,1.0,0.2696
3712f2d1-87cd-b6a1-bf01-2e32177d6e7e,business,False,4,24,1539.65,27695.66,1.0769,0.8946
8a63f881-ffd0-f9d5-a6f2-f7b80cf35b58,normal,False,6,1,2053.48,90.6,1.1667,0.9151
cae9b4a7-2a79-ea68-0f44-704f1247ea4e,normal,False,5,2,2271.98,427.78,1.0,0.6828
7428a656-b3ee-4d3b-5a10-412954aebd1b,normal,False,7,1,5365.77,47.79,1.0,0.9822
afd5dea5-89d7-fd6c-ce77-7f00ecf27e76,normal,False,7,11,1615.65,874.07,1.6364,0.2977
0a0537f0-2c2c-d22b-a568-95c6812a1f9b,mule,True,6,0,28402.04,0.0,1.0,1.0
f206c269-38b7-7c07-80fb-929673b6a09b,normal,False,5,8,1426.29,1358.57,1.0833,0.0243
2dbc2134-c30f-f46e-8026-695ff8cda88b,normal,False,8,6,4275.75,424.18,1.0,0.8193
f0bbac67-aa38-d0a1-6ba2-5efe311c6eb6,normal,False,7,3,1887.46,215.25,1.0,0.7949
36d8393a-7c44-1fe7-ab42-20a7474a493b,normal,False,5,4,2693.28,491.24,1.0,0.6913
fc04a168-652f-fb49-3873-e57f0ba078e8,business,False,3,25,1595.53,19971.69,0.9655,0.852
b04d3376-77fc-9703-1fd5-a423706c5c56,normal,False,4,14,2815.61,1271.15,1.8,0.3778
ad9fb00d-4882-d73c-1c63-45ab6e0ed1e8,business,False,4,29,1881.69,19948.5,0.9706,0.8276
e3236d1a-3c1b-dacc-18e1-93311dba1267,normal,False,6,5,1277.58,312.68,1.0,0.6064
a8e56e0c-20de-435d-2031-d750c40db9b4,normal,False,4,5,674.93,215.09,1.0,0.5161
7f9d3e64-c1a6-423b-9f64-eeed5c9d927d,normal,False,4,4,1188.59,4704.75,1.0,0.5965
c2dff335-5666-6f9f-53ac-2ab974672cd9,normal,False,4,5,462.63,481.75,1.0,0.0202
5ca260c9-eb76-07c9-b08a-4895d4ffa666,business,False,6,24,946.58,20867.96,1.0714,0.9132
1e52d770-3f89-7142-fe71-6b1415ce6a66,normal,False,5,3,1266.7,172.43,1.0,0.7598
0267deb3-aab6-12c9-415d-174a75a66981,normal,False,3,2,298.73,63.39,1.0,0.6481
3602f8ac-10f1-bc81-448a-aa9e66b2bc5b,normal,False,2,1,2362.02,115.25,1.0,0.9066
df0f06cb-cb9b-c326-d20e-ac174e20fd1a,normal,False,11,1,5271.48,198.24,1.0,0.9273
9e3d750d-f296-d9f0-cd23-72c22bffe17b,business,False,2,19,728.54,8546.13,1.05,0.8428
ccf3a171-56dc-8907-ba6c-34ab6712303a,normal,False,5,2,1147.61,372.74,1.0,0.5093
d85480f0-dfca-f0b7-19b1-7e80dea4ae17,normal,False,8,3,4533.33,185.59,1.0,0.9211
1f4a8ca1-ab85-fd59-5463-adc78fca7b6a,business,False,3,21,616.24,25128.4,0.96,0.9521
d12dbc9a-aaf9-1531-0200-b1f08768a84f,normal,False,6,4,1200.82,543.87,1.0,0.3763
9f294a8b-d184-6c39-c476-7556f97be2dd,business,False,5,25,1455.48,19100.92,1.1111,0.8583
27a0c3d7-7c96-7f79-b7e9-9acaa97065e1,normal,False,11,10,2370.37,1678.99,1.2353,0.1707
eb6c1016-cee6-24d0-9dac-6e8345241ea6,normal,False,12,2,6642.31,204.28,1.0,0.9402
ffe3fa49-054f-92ff-f366-bad4964db03f,normal,False,5,5,134.68,525.78,1.0,0.5913
1238d630-743b-65a2-dc0f-2fcfb3f6fe0d,normal,False,8,2,2185.96,161.07,1.0,0.8624
f319c125-07f1-94f9-c115-6d6d0a4e5b70,normal,False,5,3,4653.6,1576.42,1.1429,0.4938
87d292a6-98ee-ac2b-fe9f-ecaa6182f347,normal,False,6,4,2018.9,783.82,1.0,0.4405
8dedf9fb-4bb0-0f20-b27c-40266703b636,normal,False,6,5,745.04,470.75,1.0,0.2254
d8e88ebb-7a9e-8eef-ffa3-61be0f9240e1,normal,False,4,4,660.87,565.37,1.0,0.0778
2defe193-5c62-b3a2-3a3c-563e4bd6cee6,normal,False,6,2,1033.53,569.83,1.0,0.289
7da67785-b63b-4dc3-a559-e46379e13cea,normal,False,6,6,2695.02,620.72,1.5,0.6254
d5b077e0-6a5d-932b-45ff-2c83b495db4e,normal,False,3,10,4990.84,1483.38,2.6,0.5417
e05fb8bc-8a16-a06c-c958-e75e21d53971,normal,False,4,2,476.42,104.97,1.0,0.6378
7631de9d-dde9-f863-22bd-33886db99102,normal,False,4,7,1861.86,417.08,0.9167,0.6337
3e896c64-e117-dac3-119c-4ea3e1805081,normal,False,6,4,1734.43,12132.06,1.0,0.7498
c6deb2f0-530a-c1c7-b8ba-83684fc77768,business,False,7,25,3132.31,22654.6,1.0,0.757
cbdc4318-4d85-a3d2-a1a2-748571348c2a,mule,True,9,8,68283.31,42264.43,1.7,0.2354
92f5df7b-0323-d342-df6a-8f931a432f0a,normal,False,5,2,3715.71,321.72,1.0,0.8404
b89f72f3-2a60-c652-e714-7668cf1d7d3a,mule,True,11,0,31979.81,0.0,1.0,1.0
a81fdec3-279c-658a-3676-0ce581e5c9f6,business,False,5,22,985.0,13317.78,1.0385,0.8622
7e8f8095-624c-69b6-b244-45a7b7e58481,normal,False,9,6,2744.02,974.79,1.0,0.4756
2dea9493-0658-663a-698c-206fe1a47e10,normal,False,8,0,3828.19,0.0,0.8,0.9997
6f962882-95d8-2980-ff37-d19c2e76128b,normal,False,11,4,5468.48,496.59,1.0714,0.8334
f94d6204-6808-593f-dfed-2c43e256a6dc,normal,False,7,5,1509.93,1008.49,1.0,0.199
bef59fe6-ff23-3d5f-6ced-d15d58007c02,normal,False,6,6,2544.46,534.09,1.0,0.6528
8d244e3e-c4da-bddb-e0b1-5abaa6a27967,normal,False,4,7,831.05,1044.68,1.0,0.1138
402adf9c-8a4b-8f7c-2147-2a15fcce96f6,normal,False,7,3,1461.49,283.13,1.1111,0.675
c9d6a63b-ca3c-6f5f-5bb5-c40c03cde2e3,normal,False,4,6,1008.67,788.35,1.0,0.1225
