account_id,account_type,is_mule,in_degree,out_degree,total_in,total_out,velocity_score,imbalance_score
6b88f83d-d97d-c9cd-033d-2bce575aed2c,normal,False,4,3,708.05,241.12,1.0,0.4914
1f15c7b6-7c16-128d-b2c0-8394e17f29e1,normal,False,7,10,2000.13,1018.15,1.5455,0.3252
54669d19-10df-9974-55ab-946da5b5cdc2,mule,True,8,2,77845.91,73690.63,1.25,0.0274
74f93d17-e912-b4bf-86a4-bae41986b4b2,normal,False,8,4,1980.33,43435.24,1.0,0.9128
a3d70628-ece6-6fa2-fd51-66e6451b4cf3,normal,False,6,0,1661.56,0.0,1.0,0.9994
ab05347f-d556-b37d-8f08-81ee8011316b,business,False,3,21,3163.21,15916.72,0.96,0.6684
81e0d489-5a18-e2a3-0e61-4bcd97674900,mule,True,9,3,158609.77,153327.13,1.3333,0.0169
0d01280f-d89a-40c0-e87d-1c78e7c421c7,normal,False,8,3,1958.64,318.32,1.0,0.7201
989d9d4a-e15c-a666-4797-b2c957207246,normal,False,3,0,425.45,0.0,1.0,0.9977
9458054e-c287-4f06-9050-f7efc1235c91,business,False,7,25,2603.42,11466.87,1.0323,0.6299
5bd20c98-a513-5ea0-fa53-e34de6d5901d,normal,False,7,3,1383.97,881.6,1.1111,0.2216
88575117-6155-4667-2112-507c2cfa55b0,business,False,8,24,1866.1,17181.54,0.9697,0.804
bd1531c8-3764-fbda-3108-d4482f65fafa,normal,False,5,3,1040.89,202.8,1.0,0.6733
06cb0fb3-9a1d-e644-815e-f6d13b8faa18,normal,False,3,1,1836.97,19.25,1.0,0.9787
cfd01cbd-5f65-c8ce-bd21-bc11be9d61ee,normal,False,5,1,1484.09,299.55,1.0,0.6637
5275eb94-14ae-af5c-e636-58c912d0498d,normal,False,6,2,2300.9,1122.39,1.1429,0.3442
a3b5cece-a446-be72-364c-911aa9ab364a,normal,False,11,3,8048.32,362.75,1.0,0.9136
31274148-7c7c-404e-c422-d03ef29a6339,mule,True,6,2,65165.89,62878.41,1.3333,0.0179
ae9bec36-35c7-936c-5b99-62c6e61fecc0,normal,False,6,6,1377.54,432.28,1.5,0.522
4d3485c5-c5c1-4eb4-b27b-3d901a16342c,normal,False,4,9,2895.48,500.96,1.4444,0.7048
a85c6e4a-004b-6fab-fcf5-6188d32e6dcd,normal,False,4,2,1640.04,27296.72,1.0,0.8866
17e8392a-55ce-e5db-9e87-e04ca2086977,normal,False,6,4,3706.14,2374.32,1.0,0.219
295b4715-c333-e861-5fb8-d16c2720797d,normal,False,6,4,1012.48,1382.81,1.0,0.1545
d9f195d0-1482-2f53-8201-0c62f5f59b22,normal,False,5,3,1436.52,147.71,1.0,0.813
c268283e-e32f-2e63-b7fd-dd71a075e927,normal,False,3,6,1710.54,447.99,1.125,0.5846
bdc14f1f-295d-6fbf-430f-801dfad409e2,normal,False,8,1,2698.82,22.03,1.0,0.9834
4d29d1ab-3455-12f7-01f7-c7ec0e0630cd,business,False,6,24,1590.15,19459.26,1.1111,0.8489
f4e559e5-9622-9348-0f5a-e9d38e6e5003,normal,False,9,6,2561.74,672.87,1.0714,0.5838
8eb22579-0cdb-1ca4-76ec-bdd68498e113,normal,False,5,1,3263.85,468.77,1.0,0.7486
117b355b-7094-4bdb-26a5-24e350ee7a92,mule,True,7,1,66010.52,38399.4,1.1429,0.2644
badcc32a-c159-0f53-8a0f-4efbedcd465e,normal,False,7,1,671.73,181.69,1.0,0.5735
e0c53cb8-3da9-c2a9-0ed4-2f1a3d4cbf37,normal,False,5,3,4153.04,223.15,1.0,0.8978
956b8c0c-a849-9b92-6b52-52e314fcdd54,normal,False,5,9,859.16,895.01,2.0,0.0204
30a900ad-939b-462d-e645-f129629c2ae3,normal,False,11,4,2498.15,627.59,1.0,0.5982
ce177b4e-0837-b8a3-d261-a7ab3aa2e4f9,normal,False,5,5,494.79,803.89,1.0,0.2378
a23d4c2f-c2a7-9689-1933-918cfa745761,normal,False,3,5,2157.01,2063.06,1.0,0.0223
1a3d1fa7-bc89-60a9-23b8-c1e9392456de,normal,False,4,6,2764.67,980.4,1.6667,0.4763
5230dfbd-5553-b2fe-6889-803e5913f9d3,normal,False,6,5,1982.77,260.71,1.0,0.7672
e623a689-5d59-cd2a-4eea-04e70ab54bde,normal,False,4,4,454.32,279.91,1.0,0.2372
78660765-14f7-ce8d-d5bc-b8d04094dded,normal,False,3,9,315.18,2595.31,1.5,0.7831
c7b5b2bc-5a8a-aeca-1a50-aec3aabc25fa,normal,False,7,0,1836.74,0.0,1.0,0.9995
7250ee18-260a-5962-dd81-b7f57d5911c6,normal,False,3,2,349.51,174.59,1.0,0.3331
138d994c-2b0a-bedd-c774-44cb5543fc3c,business,False,8,22,2848.93,13448.4,1.1111,0.6503
fc3e058b-e0f3-eab0-5cec-4eb5edd96831,normal,False,6,4,2215.26,829.34,1.0,0.4551
ec1b8ca1-f91e-1d4c-1ff4-9b7889463e85,normal,False,9,3,3101.13,207.63,1.0,0.8742
c8dcd19f-3e35-1128-7900-f7f993829b43,normal,False,10,3,2639.9,605.94,1.0,0.6264
877409a9-77d2-1e02-ff01-cf99988c24c9,normal,False,3,3,799.32,883.76,1.2,0.0501
3f87e362-cf8d-446a-bc2c-bb0ddd334cc7,normal,False,2,1,117.94,90.03,1.0,0.1336
b00805cc-a7f3-6ae9-25c7-3c443e75c3b4,normal,False,6,15,4888.19,2293.35,1.9091,0.3613
97fa7f04-8363-9007-5cae-9610c72c1fe3,normal,False,9,9,4468.87,1968.57,1.2857,0.3883
ff9ab5c2-9f04-4aed-7552-332702627f73,normal,False,4,1,687.55,178.84,1.0,0.5865
fff9f585-0d55-7b61-8a17-5dfebfc00dc8,normal,False,6,4,3522.46,389.51,1.0,0.8007
ad261ec5-5d42-b9e9-692e-07b60b2f6d5c,mule,True,8,0,1400.27,0.0,1.0,0.9993
79c2d2e4-9ae1-a991-524f-93ff30307633,mule,True,8,1,41263.77,37710.54,1.125,0.045
8f9797b0-6d7c-e3c9-b4a6-9f3c8d3aed99,normal,False,7,11,2652.82,994.07,2.25,0.4547
6a34c854-1071-4d51-36c5-9dacb4d7e28e,normal,False,9,3,1887.37,392.93,0.9231,0.6551
0a2c827e-9832-6856-9434-0a033f07f814,normal,False,4,11,2023.13,1050.51,2.1429,0.3163
f6e39356-a814-9562-da00-3f16b9469bcf,mule,True,3,1,16187.24,14663.75,1.3333,0.0494
ea1fca65-e27a-984d-6548-21d07fcd9eb1,normal,False,9,3,6340.63,867.34,1.0,0.7592
aac93316-86e5-2753-7c93-f6cc97d7a560,business,False,6,24,4992.98,17471.94,1.0714,0.5555
01902620-59dc-abd0-56fe-bfb9ebe9e207,business,False,4,22,2167.51,17868.69,1.04,0.7836
c42cbc39-e05b-46c5-5636-3094a97431db,mule,True,2,0,796.71,0.0,1.0,0.9987
398d1ca6-8b68-70b5-1d61-fac36cd5e859,normal,False,7,5,1809.48,851.27,1.0909,0.36
5876fd09-f1fa-f665-7115-33f312e89d10,normal,False,4,3,2330.54,153.31,1.0,0.8762
7f54a511-01fa-964e-1eb7-4b5653ffd3a2,business,False,1,18,259.92,11326.93,1.0556,0.9551
c9af18f8-43b9-da13-ec85-6f373bc1a987,normal,False,8,5,2006.47,1558.51,1.0,0.1256
a021c0ca-3531-968d-c342-bd2bf295456e,normal,False,4,3,336.59,179.32,1.0,0.3043
20ac3703-eb67-146a-77a6-e17cd72b6108,normal,False,8,8,4401.45,866.63,1.2308,0.6709
0d2b91ef-b897-6ec5-ea74-bb18de3b496f,business,False,5,20,1889.65,14431.7,1.0417,0.7684
48bddb3e-62f5-df2b-adaa-44ca8ed6ad5e,mule,True,7,0,4433.35,0.0,0.7778,0.9998
53cd6268-610c-f373-4299-9aa40cdf742b,normal,False,7,7,2109.79,833.41,1.0,0.4335
09a0a0f6-73b0-a091-7634-c1694f76e388,mule,True,10,1,77364.86,29806.79,1.1,0.4438
989bc4da-9b37-a22b-6a8a-616fc3b290d0,normal,False,4,2,925.79,166.9,1.0,0.6939
9716108e-f721-69bb-8096-27182051acef,normal,False,9,8,3726.54,1198.49,1.4167,0.5132
8dcdcd03-969b-6662-0562-8059568cc69b,normal,False,8,3,3940.9,122.73,1.0,0.9394
fbe94499-dbc0-80fd-46fb-7bf300b9d4a3,normal,False,5,1,818.9,65.6,1.0,0.8507
39c1e262-f76c-8ede-c110-12662408a6dc,normal,False,3,3,1068.51,548.99,1.0,0.321
48f1096d-9c4f-fb46-71b7-01aaf836f571,mule,True,7,0,39508.09,0.0,0.875,1.0
b3e4110a-45f5-0c52-2e2f-bf77076979d6,business,False,9,28,6810.79,23870.84,1.1212,0.556
c241330b-01a9-e71f-de8a-774bcf36d58b,normal,False,6,3,1334.97,2632.54,1.0,0.327
112fa612-7969-9ed2-ec48-bf55afd380c4,normal,False,6,4,1577.13,909.51,1.0,0.2684
3985c3cf-3f76-be1d-1efa-21977394988f,normal,False,10,6,4038.9,715.26,1.0,0.699
284d82e5-87f7-e1fb-da4b-d9caeb5cf467,normal,False,9,4,2081.29,311.77,1.0,0.7391
dafec8a9-3c71-e0be-f357-956071d79665,normal,False,3,2,272.57,1857.93,1.0,0.7438
e6697833-b841-d0a0-1fe7-71d6d9178793,normal,False,4,6,783.97,1234.66,1.1111,0.2232
e7c99b26-1141-25c6-3a9b-edd40f1259e0,normal,False,5,1,1132.71,25.81,1.0,0.9546
8186a576-11a7-2609-5edd-bbbfa9597663,normal,False,2,2,2196.87,327.7,1.0,0.7401
1a85910d-5a05-7c11-4ffc-a6b199b479d4,business,False,6,21,1277.08,14562.63,1.125,0.8387
f143262f-dc5c-0eed-8da0-365bf89897b9,normal,False,5,3,1648.02,479.63,1.0,0.5489
bf1e8366-4b8e-63d4-ce76-07adf7a67b94,normal,False,4,1,1142.46,59.92,1.0,0.8996
0a17991e-a576-9411-a0a1-1839e7457704,normal,False,3,4,605.68,709.91,1.0,0.0792
0a4c9f7f-9384-ec2b-44fe-acaed248a9a7,normal,False,6,2,1003.18,65.4,1.1429,0.8768
afffcfd2-341e-f40b-57c7-00aab7b56ea7,normal,False,6,2,1903.32,405.63,1.0,0.6484
3eae0032-0bd4-a990-0640-be0f25b8fd4b,normal,False,7,2,4055.04,1164.26,1.0,0.5538
f6f7f0cc-29ec-8e49-d1bd-b8c0c71d5e60,normal,False,5,4,1769.64,503.31,1.0,0.5569
9b689c88-3ae9-09fe-cc82-18dac696f5e6,normal,False,4,4,356.52,261.37,1.0,0.1537
d5704f32-702c-dd20-2862-18b848f4ef12,normal,False,7,1,2085.16,68.09,1.0,0.9363
13a4a492-497d-e16d-d4ea-120a5e659654,mule,True,7,1,41155.88,36993.82,1.1429,0.0533
0ef8c2d6-f7fd-5646-37bb-3eec4bf50b52,normal,False,11,2,4607.5,285.08,1.0833,0.8833
458f1f19-3c07-c574-4925-7af1b6aae05b,normal,False,7,3,2982.71,218.4,1.0,0.8633
5cb85aed-f5f6-2c97-6efb-63b11b049863,normal,False,5,12,2150.54,2175.85,1.7,0.0058
dc33e1f9-4c1f-55ab-7156-29eee893be3d,normal,False,7,4,3440.64,622.84,1.0,0.6933
1d2324e6-8329-20b7-c143-f426372f871a,business,False,5,20,1172.5,16892.34,1.0,0.8701
46d483f3-d450-281c-6c6f-7633a2607723,normal,False,3,6,454.62,2165.41,1.0,0.6527
6502d6a2-ca6a-2224-171e-16cc5da36f1b,normal,False,7,3,2298.13,502.4,1.0,0.641
17fc695a-07a0-ca6e-0822-e8f36c031199,normal,False,8,5,4908.32,783.05,1.4444,0.7247
c521bf2d-dc45-d539-c03f-3538e4855aa1,normal,False,9,3,3540.06,282.58,1.0,0.8519
b38a088c-a65e-d389-b74d-0fb132e70629,normal,False,4,1,1256.82,40.05,1.0,0.9375
42deffcc-f86c-2ca2-e085-96db1d870966,normal,False,4,3,1542.04,153.94,1.0,0.818
7d106c60-8162-7cf1-4394-72e6da587e8a,normal,False,2,6,194.74,943.35,1.0,0.6572
4dead645-0986-bbeb-f23e-323d0b9bd934,normal,False,5,2,1364.22,128.16,1.0,0.8277
9261549d-3d22-5c30-b28f-41defb140bc3,normal,False,8,5,2334.89,1088.07,1.0,0.3641
2834e4c0-14c8-b3b4-a911-d19243bfd931,normal,False,7,3,6326.36,1496.6,1.0,0.6173
300568d2-0de0-51a6-69ca-97d2764414fd,normal,False,7,13,1563.3,1783.32,1.6667,0.0657
bf7b539b-0f9a-ea4b-8acd-4e10bc594585,normal,False,2,11,392.76,1609.89,1.625,0.6075
83f4a9a9-48a6-39d0-15b5-2908a8aa7158,normal,False,5,6,1195.0,1018.56,1.1,0.0797
6c9f82b9-f647-8986-a391-7c994c955f6a,normal,False,4,2,1469.27,132.53,1.0,0.834
45c45a3e-e9da-484a-8075-9f1f87e5f0fe,normal,False,6,10,950.6,2292.54,1.0,0.4137
7674456f-626d-719d-81cf-325298159d6c,mule,True,7,1,73138.37,27899.67,1.1429,0.4477
6e218b09-9afd-4015-816b-cb9f7426b193,normal,False,2,6,1318.02,764.05,1.0,0.2659
a5d04d53-1e12-42e3-f272-92b6762172ed,normal,False,7,10,2598.76,2541.61,1.0625,0.0111
b9de7a3a-4868-22b9-00a8-1de9d20f87d0,normal,False,7,7,3739.0,1213.62,1.5556,0.5098
0b1f9163-ce9f-f57f-43b7-a3a69a8dca03,normal,False,3,5,2255.93,1267.95,1.1429,0.2803
c478f6f1-b88e-c318-c16d-83edad81f8bd,normal,False,9,3,3498.3,773.34,1.0,0.6378
0f02bad0-e706-7ef4-66aa-9385dd59ba71,normal,False,6,4,1814.57,3478.96,1.0,0.3144
4ab7706e-b773-50ca-eec2-59dc7f95897c,normal,False,9,6,3340.01,935.83,1.0,0.5621
1ee34dc4-3b04-8a8b-405b-fdc94e7ed827,normal,False,8,4,2611.23,998.74,1.0909,0.4466
f7dc67e0-3097-4b2b-46a0-2a9b65ec7acd,normal,False,9,3,3666.97,570.01,1.0,0.7308
06b89231-8e86-7f3c-a487-eeabaccb461a,business,False,9,26,3891.75,16630.81,1.0938,0.6207
f758dce2-0556-daea-67b0-32831d7c0098,business,False,2,21,273.79,16490.72,0.92,0.9673
49c13de7-3b42-06c5-085b-15fb4a8ff810,normal,False,4,7,2010.88,1782.23,1.5714,0.0603
aefcfad8-efc8-9849-b3aa-7efe4458a885,normal,False,5,5,922.49,503.08,1.1111,0.294
474ebc19-2ef9-1276-6c00-6f6123e2fcb4,normal,False,10,2,7939.23,397.09,1.0,0.9046
6e0d2648-35ce-8841-4973-2d6c4dcabfb7,normal,False,10,0,7681.02,0.0,1.0,0.9999
746cdb77-1fa3-82e8-895c-cd9943b38eb4,normal,False,5,8,1307.9,766.18,1.625,0.2611
157d94a1-06f0-28ff-a9ba-5a27907bfe36,normal,False,2,6,1928.33,1394.89,2.0,0.1605
56ea57b3-beed-10b6-4f6e-274bdedab027,business,False,3,24,953.79,17959.79,1.1739,0.8991
a974d079-716f-da0a-45a8-882914e286e5,business,False,3,18,189.57,15576.78,1.05,0.9759
3985fb62-17dc-8eff-6872-13f98d605936,normal,False,4,9,2342.86,1181.16,1.625,0.3296
7b3a4e3e-7c52-fa17-680a-c07a2a935d62,normal,False,6,4,3343.93,1192.75,1.0,0.4741
afbb411a-a123-5a8c-93b7-a88612f70c97,normal,False,6,6,4657.96,1227.02,1.2,0.5829
78308930-1327-f1bc-2784-378ff84f16b3,normal,False,6,11,2670.22,1100.22,1.8889,0.4163
6f81cf4f-7701-f7bb-7bc6-7e1fc64ee6e3,normal,False,9,2,2329.16,286.48,1.0,0.7806
a561e1e9-17ec-889c-86c1-b6cbe99630f7,mule,True,8,3,101267.87,98256.32,1.375,0.0151
171dabf9-daf4-81a7-fa34-d2e8dd3f7d7e,mule,True,8,0,15989.25,0.0,1.0,0.9999
6d4067f4-5003-2b35-1857-8bafbac7e2b9,normal,False,5,3,943.76,317.73,1.0,0.4959
dc8aee30-be60-33f7-28be-9288e5af6e39,normal,False,4,1,538.96,65.37,1.0,0.7824
6de59332-9364-f3d0-5024-bdc6dcb33df3,business,False,2,23,522.52,13146.96,1.0417,0.9235
69288e92-c68a-152f-db23-aa8c3bcabf85,normal,False,3,6,655.51,1054.51,1.5,0.2332
341c6494-0d36-6dfc-c28e-bd7071299889,normal,False,4,13,1284.62,2307.13,1.7,0.2846
9f0fda8d-0537-9ff6-d6d7-b3b833094d35,normal,False,7,1,5263.02,1548.65,1.1429,0.5452
1dde7969-6886-13db-a634-8e784d5c55c7,normal,False,7,2,1545.65,1073.34,1.0,0.1803
7f2984f5-bec3-9a37-9b3d-74bde91e314e,normal,False,6,9,1403.57,650.48,2.5,0.3665
ffb8102d-9475-dbc9-9641-8cedd664d264,normal,False,8,3,2241.86,1089.75,1.0,0.3457
935f2b0a-a138-4ddc-e2d9-de5d6a18ce4c,normal,False,6,2,1234.42,5024.11,1.0,0.6054
8d03c91e-4f8d-5238-288b-78b5b5b453ca,normal,False,5,3,1440.28,682.81,1.0,0.3566
ae8a7813-90e0-a95b-697c-392387fa841a,normal,False,2,12,479.08,2021.74,2.3333,0.6166
a092f52a-d4a0-57a7-b0cc-1b3b9793b9b4,normal,False,3,5,1873.26,1261.67,1.0,0.195
466772ce-204e-178c-10d0-8d1125f934bf,normal,False,6,5,1951.51,915.57,1.0,0.3612
1b66b5a9-e3c4-3657-1d8c-bbac43b409ef,normal,False,4,3,3855.26,893.24,1.1667,0.6236
9ad620ab-4821-2ddb-45b8-9cd927cb6f2a,normal,False,8,3,989.23,83.7,1.0,0.8432
43f59a85-fbc9-f87a-f668-a61794a1875d,normal,False,4,3,512.65,985.54,1.0,0.3154
e8a3f341-c881-9065-ba2c-98ce0b19f88e,normal,False,3,4,2097.38,571.32,1.0,0.5716
892e6161-be2d-740a-1e9b-23bc50c7c006,normal,False,1,0,48.29,0.0,1.0,0.9797
63f2ae24-fc3d-3348-008d-4127610461e3,normal,False,5,3,1207.37,213.76,1.0,0.6987
c7fee39f-1190-f938-a66f-d7f739669fa7,normal,False,3,4,1547.89,682.85,1.0,0.3876
b7e6427c-bf78-0e3f-f6b7-51f79b749245,normal,False,5,9,435.7,41827.94,1.0,0.9794
4169b9fc-c3a0-0c6f-2321-d1e1c47104c0,business,False,5,24,3437.28,23845.96,1.0741,0.748
0c0fd195-c17a-f08a-1745-d6d87e570ddf,normal,False,8,4,5089.13,188.61,1.0,0.9284
61607459-85c7-504b-c693-da1139c6a1ca,normal,False,4,3,3532.44,187.31,1.0,0.899
277d1be9-6070-b6a1-98e5-2499218c6e1c,mule,True,11,4,157635.89,151787.41,1.6667,0.0189
47503f1d-c33a-1f6c-1d69-1fba5e187b24,business,False,7,25,5899.42,17877.45,1.0667,0.5037
14dd5061-5557-36f8-267e-ddcedf8f4197,mule,True,4,0,246.99,0.0,1.0,0.996
505cc686-9f87-1ce7-5487-fd4febb7a385,normal,False,7,6,3886.22,718.59,1.0,0.6877
638c254c-076e-2bba-7c53-08bf6f92f25e,normal,False,3,3,1835.13,537.56,1.0,0.5466
4b5305e5-17d2-582e-046a-0df5cafda613,normal,False,6,9,4007.02,1097.29,1.875,0.5699
787f2425-dbcc-c477-09e9-db0adf465290,normal,False,7,10,4167.5,837.88,1.4167,0.6651
74eff545-3e65-2603-78e3-654bfaf14ff0,normal,False,1,1,772.63,482.67,1.0,0.2308
19bc143e-fb02-bebb-4872-9a4d98c7472a,normal,False,9,8,2108.82,2567.73,1.2143,0.0981
8861fe18-58e2-5888-0a83-81bec85aca46,normal,False,6,3,1862.73,187.21,1.0,0.817
134a5a2f-a7cf-705c-c257-cf73c29d782b,business,False,5,33,1003.57,34542.23,1.0,0.9435
e64d1bcb-7027-53a1-5f98-7c71a65e688e,normal,False,5,3,1293.54,583.07,1.0,0.3784
11c58ef0-dd46-3c09-4752-87aa5408f9ac,normal,False,5,6,1333.78,1134.09,1.0,0.0809
9191b363-4e2d-6645-6dc7-cac7fd72b050,normal,False,8,6,3275.72,592.56,1.5556,0.6935
65c17795-b155-16bc-9f8d-ed9756abf2f1,normal,False,4,2,654.69,333.17,1.0,0.3251
284bf962-5744-f596-7422-21676b7a2460,business,False,4,24,817.34,16969.16,1.037,0.908
7135f221-a6c9-537f-84da-d06a7872bdeb,normal,False,6,1,2126.46,10.2,0.7778,0.99
8da8eee4-0df5-6ac6-f96b-648a0ba6eab9,normal,False,7,1,2547.09,70.74,1.0,0.9456
9a36d1ec-2c6a-6e9a-3280-67a14187222b,business,False,7,21,2620.28,21931.01,1.0,0.7865
3a7e8e14-e359-eee1-7399-1a476e191042,normal,False,10,4,7034.63,1063.85,1.0769,0.7372
66132e69-7418-8109-d3d1-bf0f56c438e4,normal,False,4,4,575.55,37357.41,1.0,0.9696
b18753e6-d457-8ad9-a867-a096edd877c8,business,False,5,20,2291.22,21115.18,1.0417,0.8042
006ed6e3-6fa1-7735-b572-f3d00b5cea6a,normal,False,5,3,1843.82,2345.41,1.0,0.1197
bc0a6a5d-6e99-6e3e-e3b1-37fc0a3450fc,normal,False,9,1,4084.48,75.89,1.0,0.9633
fc377a4c-4a15-544d-c5e7-ce8a3a578a8e,normal,False,11,1,6689.86,415.65,1.0,0.8829
8bcf53a1-bc10-fa52-bf5d-2fdf89c8d2ab,normal,False,7,4,7690.22,1221.02,1.1,0.7259
acdabacc-1165-e210-9854-3881118a9d29,normal,False,8,4,2519.94,507.77,1.2,0.6644
af908e3c-dd75-0e98-90e0-b95f0212b554,normal,False,8,9,3394.52,783.91,1.4167,0.6246
d39e198b-4400-7d5a-e88d-a71926242b40,normal,False,4,0,2438.36,0.0,1.0,0.9996
b1a6b1f1-620e-99d3-3b33-f3d8269cd696,normal,False,7,2,6717.15,387.96,1.0,0.8907
1723199d-bf2c-14a0-3a3c-8a71ff574e2b,normal,False,8,6,2749.51,1953.85,1.2727,0.1691
a34b6cf6-2053-da42-f1af-db65b289f224,normal,False,4,3,3294.47,207.43,1.0,0.8813
cada4f80-a9e7-82d4-fd08-b32c62d60e93,normal,False,7,6,1112.66,656.9,1.0,0.2574
9be578c7-81f6-31d4-a392-31a7d777a477,normal,False,6,5,1043.98,827.84,1.0,0.1154
da509fed-1d4a-3d81-b3a7-d0e0cb08587d,normal,False,3,3,886.79,365.79,1.0,0.4156
925817b7-cf50-1889-e8b7-7f7b7321bf6b,mule,True,8,0,5579.11,0.0,1.1429,0.9998
06998731-ddcf-8766-a93b-12cd1c24220e,normal,False,8,4,3450.5,245.04,1.0,0.8672
663f1c97-9562-69f0-e5d7-b8756dadd6c7,normal,False,6,5,2434.81,468.57,1.0,0.677
c2b6d2c5-fa5d-3100-11b7-e948d0e6e660,normal,False,7,3,1889.08,1148.15,1.0,0.2439
1bac27a7-b386-f7a4-c991-603f28c13091,normal,False,6,3,3734.34,236.06,1.0,0.8809
63b4c08b-6b8e-869f-d538-5b0e34f3193c,normal,False,7,10,3016.4,1835.52,1.3077,0.2433
59a1120e-1bb4-3332-d8e7-012f39681c81,business,False,10,15,1389.61,9589.34,1.1364,0.7468
a99f1318-49c8-a43f-7ed7-0ed7b194990b,normal,False,6,1,1121.94,132.21,1.0,0.7885
f6e07cc0-6c52-c49f-9b49-bd26df57c59a,normal,False,2,0,934.93,0.0,1.0,0.9989
0d77c5a0-e222-b6a6-15bf-be9798a21f1c,business,False,5,20,1753.69,10955.27,1.1364,0.724
8fb864e4-f173-8856-e25d-36eb9e9a9f83,normal,False,6,6,1550.66,1046.89,1.0,0.1939
1825bc54-30be-b45f-6835-14f2ceb81f9d,normal,False,10,4,1965.29,451.79,1.0769,0.6259
f1b64afe-d31e-df1a-e9ff-1cae41c8ca8c,normal,False,5,3,1065.98,30874.1,1.0,0.9332
6c6fa611-5ab3-3edf-6e59-5ed3a8b317fa,normal,False,6,7,1271.46,1611.3,1.0,0.1178
434308bc-89fa-6a68-8fb5-d27bbeb79919,normal,False,3,2,845.33,186.66,1.0,0.6376
688c7015-aab9-7e49-4f2d-479681d2c7de,normal,False,4,9,737.17,1054.09,1.8571,0.1768
b3ecb951-ab8c-bf97-20b7-1785d02ce0c1,mule,True,8,5,176199.42,170713.09,1.625,0.0158
54c63cd8-8945-6f27-d7fa-2d8dfb2ca025,normal,False,2,0,407.8,0.0,1.0,0.9976
75d66ed4-eb1f-a9f2-d10b-d1d033173470,normal,False,9,0,2715.94,0.0,1.0,0.9996
04fc6d82-7d15-4385-52fb-e43b99546eb4,normal,False,9,9,4153.32,30110.34,1.2857,0.7575
19597b5a-a7a8-f636-6a35-df59e2aa7a5d,normal,False,3,5,395.02,1097.45,1.0,0.4703
96da1dac-72ff-5d2a-386e-cbe06b65a6a4,normal,False,12,4,16327.05,268.51,1.0667,0.9676
1497d658-7010-f719-7e69-5d0d8a3c3b5e,normal,False,6,8,1851.72,1009.49,1.2727,0.2943
5260001e-eecf-67d2-7491-76f46090d697,normal,False,9,4,2454.5,401.29,1.0,0.7187
13c11754-27aa-7cbc-2337-7bbcfffe77c8,mule,True,6,2,67273.93,64543.31,1.3333,0.0207
e45b712e-b822-5688-d0a4-44329cd6c852,normal,False,3,10,2207.38,38617.04,1.0,0.8918
747b6dba-c8fe-3ccd-c8b8-d9c6ed3049cf,normal,False,5,3,2419.51,201.62,1.0,0.8458
fbddcf7c-9c96-e9ec-4d71-c366b41b3143,normal,False,2,5,3618.66,1172.78,1.0,0.5104
bd767e35-f5c9-b047-9c10-c5720f6b40d0,normal,False,5,2,1881.57,289.39,1.0,0.7331
587ef344-6f3f-920c-98b8-e4cc1bc044fc,normal,False,4,0,2114.41,0.0,1.0,0.9995
62801c45-1043-5a10-98ae-43346c12ace8,normal,False,5,3,2458.61,298.47,1.1429,0.7832
f6febc0e-7ecd-dbaf-26f0-5fcffb16e5db,normal,False,5,10,2530.46,1648.16,1.25,0.2111
bdf66ba5-dc9c-96de-65a6-74c212738a23,business,False,3,30,509.73,24986.55,1.0312,0.96
ca0ac6ac-0d67-d38e-990f-0c5badcc3daf,mule,True,11,0,14250.53,0.0,1.1,0.9999
ebd14d2c-75b2-7455-04cc-3ede6fac1673,business,False,5,28,2756.06,21625.09,1.0645,0.7739
22f235f2-e11b-868d-bf0d-073d821c1336,normal,False,7,3,1350.0,71.95,1.0,0.8982
a53f8a28-abf3-e3fc-2181-3d25655238a6,normal,False,4,4,1229.97,966.15,1.0,0.1201
6e068097-25e9-7977-8d72-48e2951f58d0,normal,False,4,3,1159.03,193.88,1.0,0.7129
dabac50d-ca3d-d859-c5ce-099c46b82659,normal,False,6,4,2042.77,240.27,1.0,0.7892
a4161293-c4c2-e2e3-444e-a7c8c0398710,normal,False,9,7,6688.27,2717.27,1.1429,0.4222
7d824264-1ba3-62e7-afa4-15e56d204496,normal,False,8,2,2013.46,129.31,1.4286,0.8789
2cf6bf75-6a5e-6920-bf5a-e7e653a3dd5a,normal,False,6,4,4631.99,1495.07,1.0,0.5119
59e1ac09-5970-a859-c6b6-e4ade7ea8d5a,business,False,4,30,724.25,16513.97,1.0625,0.9159
6694c343-10ba-58e3-d276-2bdc1d34d08e,normal,False,5,2,7878.89,89.11,1.1667,0.9775
eeea163e-21e8-ac68-43e4-2caf8181a8cc,normal,False,7,5,5386.16,2481.26,1.0,0.3692
49bc473f-ed7b-f656-218a-15368c99a894,normal,False,4,5,1614.3,15718.35,1.0,0.8137
7f671eec-3da7-0577-aee1-e86b9ea556aa,normal,False,3,3,356.7,498.09,1.0,0.1652
c1581092-f335-cba3-513a-7052986f9025,normal,False,4,4,1497.34,442.99,1.0,0.5431
65bcc272-fadd-7ea3-aca5-e2fdb966442a,normal,False,5,6,1242.76,437.23,1.8333,0.4792
122c9a56-01d7-4256-3860-2ab696a402f2,normal,False,6,2,1420.55,145.14,1.0,0.8141
945ef2e4-088a-93ec-70d9-c9f8c9e26074,normal,False,6,3,2835.79,201.93,1.2857,0.8668
e1e3db63-ef7d-dc76-b92d-a22b21df306f,normal,False,6,10,2020.12,1900.69,1.4545,0.0305
19db3ad0-ddd1-dfb2-3b98-2ef8daf61a26,normal,False,8,2,3094.99,261.92,1.0,0.8437
3d85de89-c217-1429-8e20-07247d137018,normal,False,10,1,3321.38,375.86,0.9167,0.7965
74685b98-d2fe-2fde-d918-b3e5f2f25eef,normal,False,6,0,3929.11,0.0,1.0,0.9997
0bbb2599-11ce-5dd2-b45e-d1f03139d32c,normal,False,2,5,2657.33,534.82,0.875,0.6647
bb026576-f512-c4c3-b253-d2186c4a37ea,normal,False,5,3,1604.98,199.28,1.0,0.7787
04aac1b7-5ca0-c428-822c-4d326c645c15,mule,True,5,2,82731.29,80851.69,1.4,0.0115
64de82e6-e82c-7d7b-06e7-45f988bc539c,normal,False,8,5,2090.51,1170.94,1.0,0.2819
cbd58bf6-1efd-76e9-ce37-14af99b49350,normal,False,5,1,3086.27,12.71,1.0,0.9915
ae849217-1d53-434b-b881-39b9ae270da7,normal,False,5,2,2165.16,506.44,1.0,0.6206
23bed01d-43cf-2fde-2493-3b83757750a9,normal,False,2,2,303.18,87.26,1.0,0.5516
11e9cdaa-6e69-81a3-5d3d-9e563270e4fa,normal,False,10,2,5069.6,339.47,1.0909,0.8743
0299436a-8e48-5223-46b9-8991e14eb70d,normal,False,5,8,3461.41,2145.41,1.0,0.2347
5be4bf51-9269-8698-61a1-17293cb98350,normal,False,4,3,956.98,162.78,1.0,0.7086
9e11d2cd-0930-aef6-8a80-068ddf547e50,normal,False,2,5,685.26,833.62,1.1667,0.0976
546e035a-292b-d156-db94-65701ac70ec0,normal,False,8,2,2518.97,907.8,1.0,0.47
f1578470-0182-67c4-7a1b-58066160a6b4,normal,False,3,3,3302.99,198.77,1.0,0.8862
4e6384bb-3e49-3f43-b118-f68d6786d506,normal,False,7,1,2163.52,111.81,0.8889,0.9013
7a0ecfea-958c-a9ba-0cd6-20c20ea2622b,normal,False,6,1,1115.55,29.35,1.0,0.9479
6105716b-ab0e-664e-9c3e-b2d591e1aa96,normal,False,6,2,6798.04,326.01,1.0,0.9083
8db06746-7927-9973-5e78-1fd794e0d3ba,normal,False,3,2,1156.98,327.13,1.0,0.5588
12a4def0-c4bb-b7a9-d988-68dd9c7c7377,normal,False,7,2,7777.41,413.59,1.125,0.8989
cbc84759-f5b7-8cc7-e6b3-c944cb323e35,normal,False,5,1,700.28,80.92,1.0,0.7918
8c41561b-e827-a1b9-d4a0-2e536d3ee1dc,normal,False,6,3,3065.94,254.61,1.0,0.8464
cc9fd334-9bdf-0377-a149-23c2f920264c,normal,False,5,2,1083.2,52.67,1.0,0.9065
9082889b-e1cd-e87f-ec95-5f87ae5ec365,business,False,4,21,1423.0,12155.88,1.0417,0.7904
87f8424d-aae6-5fc1-76f2-dbfecd29a36f,normal,False,5,10,1294.32,1736.61,1.6667,0.1459
a2178f84-bdb0-25ff-2451-e5a411d059b2,business,False,7,19,2565.55,13653.91,1.0,0.6836
7bb38605-da74-3152-627b-41a1ffd6f232,normal,False,8,4,1201.98,2441.57,1.0909,0.3401
42c18a62-ef48-e8d5-50fd-9d3f85d51695,normal,False,6,4,3160.14,692.29,1.0,0.6404
cc3ebdde-5ad5-cf06-364d-7c877cd0129d,normal,False,4,9,948.09,1251.92,2.1667,0.138
6e8f75a1-17dd-ed81-15da-705cd4ef00aa,normal,False,5,10,2305.09,771.35,1.5,0.4984
3e6dd58b-7367-c28d-e1b2-94de4767d76c,normal,False,8,0,1611.02,0.0,1.0,0.9994
828c37e7-87d5-b7be-1d30-d990a21b0307,business,False,5,26,1257.1,32703.71,1.069,0.9259
82ec9f2d-fbf6-e16f-9b30-80d56fb78271,normal,False,9,9,2948.49,952.45,1.8,0.5116
45b1ed25-f153-3ae8-670a-cc5cb321bf21,normal,False,4,2,1112.28,244.49,1.0,0.6391
8d4a75b8-551a-c8ea-585a-0afa7bfdcc12,normal,False,8,2,2195.63,219.95,1.0,0.8176
c9776598-203c-8c25-fd23-5def3e5a87e3,normal,False,7,2,2084.66,263.69,1.0,0.7751
2812859a-1337-739e-8d4f-5d272c7f0b79,normal,False,4,3,2105.33,199.28,1.0,0.8267
f22b5b98-b24c-c64f-be3e-6e57f30a9e32,normal,False,7,8,1549.16,665.01,1.3636,0.3991
a847bce7-90fa-6b57-24ac-2130deaf528d,business,False,6,21,9875.22,12148.64,1.08,0.1032
6a07f213-7129-cec7-9b69-554d7c54535f,business,False,5,17,9073.52,16833.12,1.0476,0.2995
598ddaec-eaaf-e543-2434-a678a9e27ba9,mule,True,6,2,108753.36,66922.46,1.1429,0.2381
32c5bd89-b70b-3420-f104-3785658b2523,normal,False,7,12,4872.64,1659.07,1.1875,0.4919
6aedfdc7-a3e0-5309-b5a1-b94967884209,business,False,5,14,2359.51,13596.35,1.1176,0.7042
a4bbf962-606e-0e1c-8f15-84494f40c22f,mule,True,9,2,79157.21,72749.73,1.2222,0.0422
1a5165ca-3c7c-1d85-25cf-0041d0a643fe,business,False,4,32,2634.36,22737.51,0.973,0.7923
1422373f-8622-68d1-6683-e10796c044d0,business,False,6,35,1776.32,25398.06,1.0789,0.8692
3f4b1a70-c074-718e-425a-609f7337c599,normal,False,5,11,1217.11,2190.53,1.4545,0.2856
a4b1f991-7542-4646-4d37-a539857dd3b3,normal,False,7,2,1451.29,106.21,1.125,0.8631
e8dd5e5a-1712-fb16-21a4-344fbb7bee03,normal,False,6,2,675.18,284.41,1.0,0.4068
d85c16bd-6dda-4f8d-cea6-0f4c39e58ff0,business,False,7,18,3240.46,15578.08,1.087,0.6556
89a2688b-12c1-36e0-1998-5f15ff002d4d,normal,False,6,4,3031.66,276.32,1.1111,0.8327
0e5dd462-cbd0-0ef2-530a-37df0bc61066,normal,False,6,3,3376.76,316.75,1.0,0.8283
f020e992-b576-255e-9854-9f222102f9c9,mule,True,7,1,37924.63,32211.29,1.1429,0.0815
f0e98b3b-40a2-6c60-0d27-0659f72ada9b,normal,False,9,2,5839.35,73.27,1.0,0.9751
78b2b549-3bdb-c09e-acc2-16a01bbc91f7,normal,False,1,3,315.03,213.43,1.0,0.1919
f54ad0a2-e874-66d7-ad66-a1bd93676a02,normal,False,8,1,2040.68,318.58,1.0,0.7296
c3e15a85-d46e-f104-1190-6f5034885a46,normal,False,10,3,1653.46,222.78,1.1818,0.7621
81f7f3fb-19e4-5c6a-c9c2-3e69d82c7565,mule,True,7,1,46213.44,15203.38,1.0,0.5049
2d06e8cf-3805-f907-6cd6-6193c7468f59,normal,False,6,4,1697.22,1830.77,1.0,0.0378
2bcfbe01-a28d-efe3-9bf0-027312476f57,normal,False,4,1,3890.28,111.92,1.0,0.9438
73557b9d-0fd6-f47e-f52d-4af2269ed4c9,mule,True,6,1,28753.59,26270.88,1.1667,0.0451
4b943e30-b303-f438-fe21-10d04bbe4aff,normal,False,7,4,2312.21,920.81,1.0,0.4302
1a84a51a-a9d3-d7c7-ee87-905e4ca415ea,normal,False,8,1,1858.66,13.6,1.0,0.9849
82dc4c8e-36b5-229a-acf5-e81e71316269,normal,False,6,3,1646.56,484.57,1.0,0.545
d58842de-a2bc-372f-7412-b29347294739,normal,False,5,7,719.13,1288.25,1.0,0.2834
6bc4123e-bde1-3c1b-2073-3f6d0d6a05b3,normal,False,3,4,515.45,572.88,1.0,0.0527
2c9b662e-040a-3aae-52e2-afd996bf10ab,normal,False,9,4,4767.79,1466.01,1.0833,0.5296
1931e9ee-a56c-0941-fbf2-4050a748dbcf,normal,False,6,11,2931.66,1026.82,1.5455,0.4811
3d1a85dd-506e-5a9a-b758-588dab73295b,normal,False,5,2,2097.97,99.99,1.0,0.9086
d0243d72-3748-967f-961d-33ba350843f0,normal,False,6,4,1862.43,787.5,1.1111,0.4055
90164161-cfa7-01cd-2631-d00b26d794d3,normal,False,4,1,1104.08,225.81,1.0,0.6599
2067bdac-88bd-13d1-b540-b30e039f3a25,normal,False,5,8,6188.73,586.24,1.1818,0.8268
e3e9de99-f10c-718b-1eb0-e38a675dd5af,normal,False,6,15,2343.97,1359.47,2.1,0.2658
8beddb12-ad77-e82f-49a2-3a89e6b5a92c,normal,False,5,1,1834.04,946.07,0.8571,0.3193
14a0bccb-8a47-6a87-e49d-681d51d87c64,normal,False,9,1,5470.5,28.72,1.0,0.9894
52c21221-409d-3602-5084-3242168b1625,normal,False,3,1,2120.5,22.43,1.0,0.9786
379efc6e-5edb-0d3c-b0b6-3bcf08601833,normal,False,6,2,3697.19,1303.76,1.0,0.4785
f6802cdb-77e4-90c7-1d7b-c313cde22f1c,normal,False,7,12,2587.19,1114.67,1.5833,0.3977
0dde29a6-baa4-b71a-dd24-67ac778eedb3,normal,False,5,2,3857.24,61.93,1.0,0.9681
8573e793-c715-b2b9-c40c-5d9146fde062,normal,False,2,5,809.87,1195.47,1.0,0.1922
81fb18b3-c9a7-d91f-ef2a-e71357021049,normal,False,4,12,1107.13,1165.1,1.7778,0.0255
43dac043-2a45-c2ab-8cbf-edb0f264accc,normal,False,6,2,3449.6,153.17,1.0,0.9147
4ca9cf07-b1aa-0f6a-2a96-e1e27194eae2,normal,False,7,2,4193.25,139.0,0.9,0.9356
6553867d-a881-bfd3-d47d-577bfa5a91ca,normal,False,5,3,4189.47,439.9,1.0,0.8098
f396ea37-f065-c817-687a-48509d9b6231,normal,False,7,0,3676.14,0.0,1.0,0.9997
6a702e2f-7746-d0ba-8ae8-905b54b4a482,normal,False,3,5,1116.78,34742.2,1.1429,0.9377
a5cc8bf7-38ab-854c-9c2e-58deea4e3617,normal,False,3,6,574.01,40852.89,1.0,0.9723
382c043f-7cfc-9b79-3875-394ce5d6f6e6,normal,False,4,2,528.9,100.31,1.0,0.6801
c9e48e8c-25c6-1c45-c63d-04ee541c7a86,normal,False,6,2,2153.27,223.71,1.0,0.8114
3170f437-a8f7-ef5a-060e-df5b39118497,normal,False,6,2,3248.26,461.05,1.0,0.7512
0cbd3c03-9e2a-a4ac-c122-b5b3284c03d2,business,False,3,25,3499.33,24480.74,1.037,0.7498
770c7798-37cc-863b-f2a0-345990604f62,normal,False,8,2,1276.48,319.52,1.0,0.5992
9c07a751-1437-4509-2cd1-586a2b840c67,normal,False,4,2,4763.0,668.47,1.0,0.7537
7656af72-29d4-beef-3eab-edcbbaa80dd4,normal,False,9,3,3353.17,233.55,1.0,0.8695
f0ede303-aa53-c19c-dfa4-bb9f5a856750,business,False,5,23,3810.75,16929.51,1.0769,0.6325
2af43ab7-5e6f-ea07-c453-6f1d41992fdf,normal,False,6,5,1642.85,911.84,1.0,0.286
5be6128e-18c2-6797-6142-ea7d17be3111,normal,False,5,3,1259.32,1096.03,1.0,0.0693
52bdc661-9fe0-a8c7-fc8d-5b93a2a2e91f,mule,True,7,3,145088.87,141460.06,1.25,0.0127
f0b6f83f-a377-f6f1-d289-f0ab618ae305,normal,False,5,2,1292.5,75.04,1.0,0.8896
ef04e57d-cdcc-c33a-a943-4aa096fc734d,normal,False,4,1,405.01,619.43,1.0,0.2091
0964fbbf-8cd3-21b0-c2b0-1cfdd045dd1c,normal,False,8,3,1493.82,1110.47,1.0,0.1471
dc4ad56b-d601-6237-ac9e-d156f63fce41,normal,False,7,4,2951.28,525.69,1.0,0.6974
cac5b68c-28f4-9481-a0a0-4dc427209bdf,normal,False,4,5,565.07,1770.67,1.125,0.5159
67814c1f-cc53-0e36-addc-3e13ab3b4d37,normal,False,6,6,9232.69,812.14,1.2,0.8382
176132ed-069f-14f1-4018-1c6e9a8cfa3c,normal,False,7,2,2590.44,226.19,1.0,0.8391
a013ac6e-deda-4e16-1b3d-bd5ce9a1fa6f,normal,False,9,4,3457.04,323.96,1.0,0.8284
a0d4de3d-2303-f6c6-d69d-42f1ae4c84ff,normal,False,3,4,441.29,620.44,1.0,0.1686
9ef2b93e-30ac-7d7b-a2f9-63a33810ae66,normal,False,6,1,546.69,25.39,1.0,0.9096
c07a30f2-edd4-253b-50f0-fd0a750cab75,normal,False,7,7,3371.48,956.84,1.0769,0.5577
859131d2-bbda-0242-2d17-4fc96f7c15ea,normal,False,2,5,1490.27,1095.99,1.0,0.1524
a981b098-b2cf-952d-a7f3-33b3f7baf55e,mule,True,5,1,80850.01,42755.39,1.2,0.3082
c96b5edb-0cf2-b69b-0577-aea9f8999246,normal,False,9,11,4480.91,3614.64,1.25,0.107
da7b9095-63d6-2a39-c0e3-befd4c71e0fe,normal,False,6,13,1059.85,1111.42,1.5833,0.0237
da330aa1-541c-dfcd-da0d-4a5f148f8b74,normal,False,5,4,1604.12,813.84,1.0,0.3267
46685257-bdd6-40fb-0667-1ad11c80317f,normal,False,11,1,3359.7,116.63,1.0,0.9326
533420e6-d9d8-0b8d-7e8a-dee70758e201,normal,False,5,1,1289.75,18.66,1.0,0.9707
77097749-527e-ecfa-a79a-c9aa9b4e2c24,normal,False,6,1,2163.52,32.84,1.0,0.9697
134c6c92-ec5b-227c-dfde-4fbf3ff350bf,normal,False,7,2,2468.33,597.22,1.0,0.6102
ba0266ef-be05-5787-965b-efdf6b4be411,normal,False,5,0,1355.62,0.0,1.25,0.9993
cd5f4822-6966-08aa-ee49-f329c84a7b28,normal,False,7,4,2336.78,755.44,1.0,0.5112
ebff8d15-30cb-d755-6232-b17a25074181,normal,False,2,4,2862.74,943.66,1.0,0.504
91b78d8e-d301-6989-bfbb-b17f9854ce4e,normal,False,6,5,3502.77,994.88,1.1,0.5575
25440fe0-6e41-7d47-5ff5-95ea5bc440f1,normal,False,5,2,1996.08,279.66,1.0,0.7539
47229389-571a-a876-6c30-7511b2b9437a,normal,False,4,6,391.85,513.25,1.0,0.134
175ba98d-f814-0102-7de1-bdfed0725b5c,normal,False,4,3,1017.94,208.18,1.0,0.6599
b489d070-7914-f8a8-bea4-ff31517400f8,normal,False,10,8,5936.45,1247.62,1.3846,0.6526
980402a2-b07a-a066-7354-35ea68949b8d,normal,False,6,5,269.82,343.56,1.0,0.12
b64fa54a-8c61-1654-95da-75c1a21150f9,normal,False,5,1,1455.79,137.7,1.0,0.8267
2369b584-ff5e-9ff0-ff50-bde4382567b8,normal,False,6,11,1096.64,1304.32,1.7,0.0865
fa02eaec-96ef-2ad6-b97e-670346c8adfe,normal,False,8,7,8370.37,1524.29,1.0714,0.6918
ebc2026f-af34-cf65-a193-c4b23c19e71d,normal,False,5,1,1853.36,331.89,1.0,0.6959
a34db7c5-760d-ebbb-3b70-b3a124a35cf2,normal,False,5,2,1475.23,56.88,1.0,0.9251
707df251-fdb1-429e-7010-ed13b526b22d,mule,True,10,2,84176.16,54839.22,1.5,0.211
86cac6f4-e238-fe93-bd17-c5e8d5ca69ab,mule,True,10,0,2262.65,0.0,1.0,0.9996
5304317f-af42-e12f-3838-b3268e944239,normal,False,5,1,5866.34,41.84,1.0,0.9857
839fbc50-1223-b513-5496-f63cdc1110c1,normal,False,8,2,4406.15,359.78,1.0,0.8488
ce7ae7f6-3982-0cff-4f77-a665ac3c5640,normal,False,5,2,1794.45,563.36,1.0,0.5219
ccc56569-f9e8-a369-2999-b735dd56cc94,normal,False,6,2,2921.9,64.8,1.1429,0.9563
8c459ce2-67f4-8ad5-4d0b-0d1a91b0e1d9,normal,False,6,7,1948.26,41015.11,1.0,0.9093
66245bfa-4fcc-a39a-b683-d2e6337ea2df,normal,False,7,1,4125.46,30.87,1.1429,0.9849
3ed8c56c-da09-dfa0-5282-8d8044b591f7,normal,False,7,3,3057.23,353.43,1.0,0.7925
5d286aa4-28a3-9779-9c1c-351785d2d0a6,mule,True,5,2,140442.8,72902.66,1.1667,0.3166
def57689-68f4-5bce-24e7-5e8eb8f21423,normal,False,7,2,3310.87,80.4,1.0,0.9523
5e09a9ee-af88-bdec-fb1e-143b196f4dfa,normal,False,6,5,1959.49,732.0,1.0,0.4559
dd6ac7b8-6778-043b-c5c5-b37af85e06a1,normal,False,5,2,1196.74,343.05,1.0,0.5541
c0e9ab30-ed26-62e9-17e0-11b7f8102383,normal,False,6,1,1217.15,180.43,1.1667,0.7413
217d65a0-c568-11cd-5563-f61600e85ece,normal,False,11,1,4959.02,47.4,1.0,0.9809
6651529e-8268-690b-a438-25b559e4b671,normal,False,3,11,2032.52,1806.37,1.75,0.0589
562b0f79-c374-59ee-f50b-ea63371ecd7b,normal,False,6,5,2459.41,554.17,1.0,0.632
287d06ca-6f4c-c69a-4b22-d3081c8eaee9,normal,False,5,10,3881.8,816.63,1.5,0.6522
16419f82-8b9d-2434-e465-e150bd9c66b3,normal,False,9,6,1532.85,1121.37,1.0,0.155
f4427e0b-6148-4bb3-889b-78d5dbfdd97e,normal,False,2,3,85.01,317.04,1.0,0.5757
c566aa81-b15e-54f6-d4d3-07952e4bebc4,mule,True,7,0,973.44,0.0,1.1667,0.999
36d55494-f37f-d50d-2e25-b5ee4f11d8dc,mule,True,4,0,733.48,0.0,1.0,0.9986
e8cda0cc-76da-3ca0-d2e8-2f38a2a9d4d8,normal,False,5,3,1274.82,597.76,1.0,0.3614
79eb4168-1045-56e5-bee3-eb791d181ee9,normal,False,6,2,2069.46,492.84,1.0,0.6151
894a05e4-30b1-87ef-310c-0c003fa7f104,normal,False,2,4,229.06,467.07,1.0,0.3414
431d029f-ac1e-86d8-bfbf-397bac3e7b0d,normal,False,5,1,2235.34,51.08,1.0,0.9549
5738811d-70c2-903f-7a8d-03aa782a65e0,normal,False,4,4,1922.26,1214.02,1.3333,0.2257
2c8d0e44-e71e-43a6-bf85-bf0ead64b56c,normal,False,5,5,1806.41,344.9,1.0,0.679
35a240ae-5af3-0553-5ec4-2e0829a3b2e9,normal,False,5,1,1524.64,52.5,1.0,0.9328
bd29ede9-cab4-923b-f448-83858de7ad6c,mule,True,8,0,41689.96,0.0,1.0,1.0
8ce21ea3-db20-a56e-dc81-5fe7ceda8bbb,normal,False,7,3,4049.7,240.72,1.1111,0.8876
f41ea3ac-5fd2-3109-4140-752caa448259,normal,False,10,1,6729.51,39.22,1.1,0.9883
709b7d97-464c-04af-3d3f-3799a07295e9,normal,False,5,3,3027.77,560.2,1.0,0.6875
4d57d880-d865-d69a-74f3-310340066ff2,normal,False,3,4,368.64,848.76,1.0,0.3941
5efa9c5b-7421-ff46-637e-4b0122bae10e,normal,False,7,5,4112.68,1348.25,1.0,0.5061
bb5e4bcf-15ed-6269-1429-6c07f26b4776,normal,False,6,2,2184.27,116.84,1.0,0.8981
74daaebf-1f11-5b76-d92c-9227eadf5085,normal,False,5,4,1609.93,192.88,0.9,0.7856
5c941cf0-dc98-d2c1-e2ac-f72f9e574f7a,normal,False,6,3,3629.1,175.5,1.0,0.9075
093923de-8bab-ce3b-2628-6bfbe767dcea,normal,False,10,4,4611.09,404.49,1.0769,0.8385
7e7e7419-a0c1-4035-c5d9-5f51f387e1bd,business,False,5,20,1595.13,18367.44,1.087,0.8401
e037e5ed-b8db-0672-f42d-47cc00d4af59,normal,False,3,4,1517.55,459.99,1.0,0.5345
ab61a7b1-793b-4c32-2050-04943d114802,normal,False,8,11,5942.23,1894.66,1.4615,0.5164
ee0caeb5-ecfe-db99-2790-cebdbfddc3d9,normal,False,8,3,1199.08,443.71,1.0,0.4595
d4f8fd72-f382-1cfd-c083-b73a473bd358,normal,False,4,6,1180.46,1077.59,0.9091,0.0455
68a51c68-632d-bb5e-486b-b6bfeafde7d9,mule,True,9,2,61312.64,53763.58,1.2222,0.0656
edcb8cb6-0692-dc63-9424-aed51bac5c15,normal,False,6,2,959.59,273.29,1.0,0.5562
366eb16f-508e-bad7-b7c9-3acfe059a0ee,normal,False,4,5,3258.81,327.57,1.0,0.8171
b5122df8-75b1-7a55-d426-2982e43e4288,normal,False,4,5,414.52,2138.59,1.0,0.675
d453dd32-4b0d-bb41-8d52-88f1142c3fe8,normal,False,3,2,884.05,92.99,1.0,0.8088
db52ca58-0500-0bc6-b20d-cb6ef2311f17,normal,False,6,3,3107.83,645.35,1.0,0.6559
3e49fd09-1b19-d8b8-d830-20816fcc57dd,business,False,8,15,2558.32,16688.68,1.15,0.7341
57eb89b1-d65e-59dd-e62d-2d06cf9b8558,mule,True,8,0,1637.62,0.0,0.8889,0.9994
e21342b0-f1ee-dba3-1343-2e611ca3c448,normal,False,2,1,569.44,138.08,1.0,0.6088
87c5421e-ec24-a3c5-c754-108ff4188f3f,normal,False,11,2,3919.88,518.4,1.0,0.7662
3dc98290-15ea-bb27-30e9-12f2f2b43abf,normal,False,5,4,3935.26,2387.15,1.0,0.2448
3712f2d1-87cd-b6a1-bf01-2e32177d6e7e,business,False,5,22,2417.29,26553.36,1.0385,0.8331
8a63f881-ffd0-f9d5-a6f2-f7b80cf35b58,normal,False,4,4,1887.99,2080.78,1.0,0.0486
cae9b4a7-2a79-ea68-0f44-704f1247ea4e,normal,False,5,2,2281.24,164.81,1.0,0.8649
7428a656-b3ee-4d3b-5a10-412954aebd1b,normal,False,9,1,6811.82,420.42,1.0,0.8836
afd5dea5-89d7-fd6c-ce77-7f00ecf27e76,normal,False,7,15,2390.83,2089.31,2.2,0.0673
0a0537f0-2c2c-d22b-a568-95c6812a1f9b,mule,True,1,0,7.35,0.0,1.0,0.8802
f206c269-38b7-7c07-80fb-929673b6a09b,normal,False,6,1,1211.59,128.01,1.0,0.8083
2dbc2134-c30f-f46e-8026-695ff8cda88b,normal,False,6,5,3735.45,359.05,1.1,0.8244
f0bbac67-aa38-d0a1-6ba2-5efe311c6eb6,normal,False,10,2,2397.02,63.91,1.0909,0.9477
36d8393a-7c44-1fe7-ab42-20a7474a493b,normal,False,7,3,2796.58,578.31,0.9091,0.6571
fc04a168-652f-fb49-3873-e57f0ba078e8,business,False,10,25,3238.25,18409.37,1.129,0.7008
b04d3376-77fc-9703-1fd5-a423706c5c56,normal,False,5,14,2430.59,2631.97,1.7273,0.0398
ad9fb00d-4882-d73c-1c63-45ab6e0ed1e8,business,False,5,28,1249.94,22550.65,1.0312,0.8949
e3236d1a-3c1b-dacc-18e1-93311dba1267,normal,False,5,3,1121.61,386.31,1.0,0.4873
a8e56e0c-20de-435d-2031-d750c40db9b4,normal,False,8,4,1625.79,598.31,1.0909,0.4618
7f9d3e64-c1a6-423b-9f64-eeed5c9d927d,normal,False,4,4,1027.18,130.62,1.0,0.7737
c2dff335-5666-6f9f-53ac-2ab974672cd9,normal,False,3,11,176.99,965.27,1.4,0.6895
5ca260c9-eb76-07c9-b08a-4895d4ffa666,business,False,6,23,1904.88,20424.01,1.0741,0.8293
1e52d770-3f89-7142-fe71-6b1415ce6a66,normal,False,7,3,1256.81,388.97,1.0,0.527
0267deb3-aab6-12c9-415d-174a75a66981,normal,False,3,17,230.3,1223.22,2.2222,0.6826
3602f8ac-10f1-bc81-448a-aa9e66b2bc5b,normal,False,6,2,3320.62,216.67,1.0,0.8772
df0f06cb-cb9b-c326-d20e-ac174e20fd1a,normal,False,12,6,5688.24,381.51,1.0,0.8741
9e3d750d-f296-d9f0-cd23-72c22bffe17b,business,False,1,20,656.42,12477.23,1.0,0.9
ccf3a171-56dc-8907-ba6c-34ab6712303a,normal,False,5,9,1817.28,1031.85,2.0,0.2756
d85480f0-dfca-f0b7-19b1-7e80dea4ae17,normal,False,11,26,4865.77,3832.93,2.3125,0.1187
1f4a8ca1-ab85-fd59-5463-adc78fca7b6a,business,False,5,20,868.49,24625.51,0.9615,0.9318
d12dbc9a-aaf9-1531-0200-b1f08768a84f,normal,False,6,3,1129.44,467.43,1.0,0.4143
9f294a8b-d184-6c39-c476-7556f97be2dd,business,False,7,27,1297.41,21246.72,1.1333,0.8849
27a0c3d7-7c96-7f79-b7e9-9acaa97065e1,normal,False,7,4,1563.4,339.13,1.0,0.6432
eb6c1016-cee6-24d0-9dac-6e8345241ea6,normal,False,7,6,6769.31,44092.82,1.0,0.7338
ffe3fa49-054f-92ff-f366-bad4964db03f,normal,False,8,3,677.44,60.2,1.2222,0.8356
1238d630-743b-65a2-dc0f-2fcfb3f6fe0d,normal,False,7,8,1883.45,45548.37,1.25,0.9206
f319c125-07f1-94f9-c115-6d6d0a4e5b70,normal,False,9,5,6246.04,1975.11,1.0,0.5194
87d292a6-98ee-ac2b-fe9f-ecaa6182f347,normal,False,6,1,1851.76,299.76,1.0,0.721
8dedf9fb-4bb0-0f20-b27c-40266703b636,normal,False,6,2,1977.8,27.82,1.1429,0.9718
d8e88ebb-7a9e-8eef-ffa3-61be0f9240e1,normal,False,7,5,1107.69,1245.32,1.0,0.0585
2defe193-5c62-b3a2-3a3c-563e4bd6cee6,normal,False,11,4,3206.36,961.42,1.0714,0.5385
7da67785-b63b-4dc3-a559-e46379e13cea,normal,False,5,4,2368.46,760.13,1.0,0.5139
d5b077e0-6a5d-932b-45ff-2c83b495db4e,normal,False,5,3,1823.3,1084.89,1.0,0.2538
e05fb8bc-8a16-a06c-c958-e75e21d53971,normal,False,7,5,1527.53,290.85,1.0,0.6797
7631de9d-dde9-f863-22bd-33886db99102,normal,False,7,3,1205.87,647.13,1.0,0.3014
3e896c64-e117-dac3-119c-4ea3e1805081,normal,False,5,7,477.49,3164.05,1.0,0.7376
c6deb2f0-530a-c1c7-b8ba-83684fc77768,business,False,4,24,1582.72,21213.01,1.0,0.8611
cbdc4318-4d85-a3d2-a1a2-748571348c2a,mule,True,7,2,49418.8,45017.42,1.2857,0.0466
92f5df7b-0323-d342-df6a-8f931a432f0a,normal,False,2,4,3494.11,583.76,1.0,0.7135
b89f72f3-2a60-c652-e714-7668cf1d7d3a,mule,True,12,2,107401.54,67541.2,1.2727,0.2278
a81fdec3-279c-658a-3676-0ce581e5c9f6,business,False,4,22,1391.3,13591.96,1.0833,0.8142
7e8f8095-624c-69b6-b244-45a7b7e58481,normal,False,7,12,2634.5,2181.12,1.2667,0.0941
2dea9493-0658-663a-698c-206fe1a47e10,normal,False,6,2,3710.72,232.69,0.8,0.8818
6f962882-95d8-2980-ff37-d19c2e76128b,normal,False,11,3,5362.96,477.11,1.0769,0.8365
f94d6204-6808-593f-dfed-2c43e256a6dc,normal,False,8,1,1364.49,36.13,1.0,0.9477
bef59fe6-ff23-3d5f-6ced-d15d58007c02,normal,False,4,17,2914.39,2552.89,2.1,0.0661
8d244e3e-c4da-bddb-e0b1-5abaa6a27967,normal,False,5,4,541.11,1031.66,1.0,0.3117
402adf9c-8a4b-8f7c-2147-2a15fcce96f6,normal,False,7,3,1481.93,1191.57,1.0,0.1086
c9d6a63b-ca3c-6f5f-5bb5-c40c03cde2e3,normal,False,4,4,1049.34,334.3,1.0,0.5164
